config_id,mean_sharpe,min_sharpe,worst_max_drawdown,sum_pnl_usd,sharpe_2021_2022,sharpe_2023_2025,sharpe_2026,maxdd_2026,trades_total,ema_fast,ema_slow,atr_n,sep_k
a6fa4d8099c7,3.3015099320798726,-0.14070841250418975,-0.270401557311839,4256.899500000014,-0.14070841250418975,2.2719390545475693,7.7732991541962395,-0.16307303607355428,1353,30,150,10,0.05
78a97375a0b0,3.3466871824481834,-0.10515552533497516,-0.2595462374613944,4324.632500000004,-0.10515552533497516,2.2878837548933855,7.857333317786139,-0.1644640434192708,1347,30,150,10,0.1
3eec78e7da1b,3.355756980356068,-0.10939446144136689,-0.2578700023679499,4279.2874999999985,-0.10939446144136689,2.2826399994025444,7.894025403107026,-0.1592972441865942,1336,30,150,10,0.15
58ad1194e010,3.357237486392594,-0.026529619037673476,-0.24887669650024313,4322.173000000004,-0.026529619037673476,2.325348081638685,7.772893996576771,-0.15848313292472183,1328,30,150,10,0.2
7eb1bbca205c,3.3921220949621493,0.004233323724116219,-0.2451567515625026,4335.223999999998,0.004233323724116219,2.3050289997657676,7.867103961396565,-0.16746642960745273,1323,30,150,10,0.25
af37b0717ab2,3.2934533551362914,-0.15102839652337774,-0.27413234496930017,4244.174000000012,-0.15102839652337774,2.2687600148747658,7.7626284470574864,-0.1644640434192708,1353,30,150,14,0.05
81f26f7dfd53,3.3592064429582025,-0.10001766654298386,-0.25787491513199745,4334.989500000002,-0.10001766654298386,2.2891166804363046,7.888520314981286,-0.1606400598886477,1346,30,150,14,0.1
8e53dcfccb8a,3.3422244760243047,-0.0990674522902085,-0.267027394554887,4285.814500000004,-0.0990674522902085,2.2935378198581575,7.832203060504965,-0.15848313292472183,1336,30,150,14,0.15
ab8481271ed9,3.3660167959292817,-0.020131745997787283,-0.25044288567899653,4346.292000000004,-0.020131745997787283,2.340093222680772,7.77808891110486,-0.16746642960745273,1326,30,150,14,0.2
034b476b6c21,3.3964454317122534,0.08040894381259739,-0.23680701778518765,4408.367999999996,0.08040894381259739,2.353277171663312,7.755650179660852,-0.16993683619520306,1317,30,150,14,0.25
aa628cee229a,3.320414948448281,-0.15290768045409273,-0.2743755844214344,4258.203500000011,-0.15290768045409273,2.2599260077986116,7.854226518000322,-0.1644640434192708,1353,30,150,20,0.05
86a2b45d8bd3,3.3545429837445497,-0.1328046490202086,-0.26788909336904265,4338.369999999999,-0.1328046490202086,2.3024081971468315,7.894025403107026,-0.1592972441865942,1347,30,150,20,0.1
6d29ec88a6f2,3.3655419570790013,-0.08289271256619722,-0.2642074679908837,4350.392500000004,-0.08289271256619722,2.3393176874318575,7.840200896371344,-0.15848313292472183,1330,30,150,20,0.15
6118eefa9b02,3.349449851396057,-0.06679170096847116,-0.2633624725744935,4371.0300000000025,-0.06679170096847116,2.35949107549579,7.755650179660852,-0.16993683619520306,1322,30,150,20,0.2
a1715e1c957c,3.4045879562540464,0.03045509335157104,-0.23576158159560534,4424.0445,0.03045509335157104,2.390598572597353,7.7927102028132165,-0.16993683619520306,1316,30,150,20,0.25
2d05e5cb2154,3.260592707219418,0.036423598682007015,-0.22586137948449148,4299.016999999995,0.036423598682007015,2.3471852232203942,7.398169299755853,-0.21536471248772293,1309,30,200,10,0.05
7c6b44d14b07,3.255717945656091,-0.03859845716643995,-0.2380582987884109,4258.468499999995,-0.03859845716643995,2.3375396045066124,7.468212689628101,-0.21423103916156427,1304,30,200,10,0.1
c1054d4f520e,3.256662509302459,-0.0016675123163124655,-0.22876531431372782,4303.771500000009,-0.0016675123163124655,2.355888786626227,7.415766253597462,-0.21562204650728078,1296,30,200,10,0.15
0f871350c393,3.2781720049950778,0.055533580292049356,-0.2117980629766577,4292.127,0.055533580292049356,2.3322831958358416,7.446699238857343,-0.2117980629766577,1286,30,200,10,0.2
daa572d383a4,3.222276202888153,0.06683071059702954,-0.20990034155243154,4224.563500000004,0.06683071059702954,2.3240268434700577,7.275971054597371,-0.20990034155243154,1285,30,200,10,0.25
0e82a56753c3,3.256148615046198,0.03391847312939622,-0.22586137948449148,4275.898499999994,0.03391847312939622,2.336358072253345,7.398169299755853,-0.21536471248772293,1311,30,200,14,0.05
0199c139f820,3.2624219031743436,-0.03333486612680157,-0.23928354214217795,4275.377999999995,-0.03333486612680157,2.3523878860217304,7.468212689628101,-0.21423103916156427,1304,30,200,14,0.1
de281545d1df,3.2590276326140675,0.002272090511793552,-0.23231134740414217,4299.052000000005,0.002272090511793552,2.359044553732946,7.415766253597462,-0.21562204650728078,1297,30,200,14,0.15
3ab2edf5e879,3.266312773734558,0.03318611359372995,-0.21045524727460418,4316.333500000003,0.03318611359372995,2.360401055849679,7.405351151760264,-0.21045524727460418,1287,30,200,14,0.2
2b00bad8aff9,3.2458055984767937,0.0461600867928171,-0.20990034155243154,4282.967000000004,0.0461600867928171,2.346326417703139,7.344930290934424,-0.20990034155243154,1286,30,200,14,0.25
63f1a9312aac,3.263099590593949,0.039076742391742615,-0.22481987350614852,4296.849499999995,0.039076742391742615,2.3520527296342504,7.398169299755853,-0.21536471248772293,1310,30,200,20,0.05
e7bacd05c36a,3.2544875537977376,-0.01657254151096428,-0.2269741205415402,4275.658499999999,-0.01657254151096428,2.364268949306716,7.415766253597462,-0.21562204650728078,1303,30,200,20,0.1
71520e182435,3.2816984465727956,0.011997409061961242,-0.22219105346364298,4336.348500000007,0.011997409061961242,2.386398691799082,7.446699238857343,-0.2117980629766577,1292,30,200,20,0.15
d34981e4853c,3.2538162733629457,0.0205671676789485,-0.21111719202127543,4313.618000000001,0.0205671676789485,2.3561852954134324,7.384696356996457,-0.20990034155243154,1285,30,200,20,0.2
0e0690f677e6,3.2385283530297997,0.00315287014040287,-0.21862443269546272,4279.418000000003,0.00315287014040287,2.3585786807435674,7.353853508205429,-0.21862443269546272,1284,30,200,20,0.25
41aedbceeca9,3.394175009464695,0.12118975409764272,-0.21988424284153785,4597.007500000005,0.12118975409764272,2.503611650631035,7.557723623665407,-0.21536471248772293,1270,30,250,10,0.05
190bb4ed50ac,3.428599839925359,0.11215763985290698,-0.21536471248772293,4642.211999999998,0.11215763985290698,2.5279756711335897,7.6456662087895815,-0.21536471248772293,1270,30,250,10,0.1
fb3073d0b2c1,3.3669736237685117,0.13951367714098897,-0.21536471248772293,4579.3590000000095,0.13951367714098897,2.4955903887918574,7.465816805372689,-0.21536471248772293,1263,30,250,10,0.15
5805d4450cc3,3.394422952940527,0.1761481553111105,-0.21536471248772293,4604.757500000009,0.1761481553111105,2.5057198287847067,7.501400874725763,-0.21536471248772293,1254,30,250,10,0.2
a1f01fb77089,3.363522491332335,0.1674078975346678,-0.21536471248772293,4466.014500000004,0.1674078975346678,2.4297132627671387,7.493446313695198,-0.21536471248772293,1253,30,250,10,0.25
1620960a2397,3.3819514879374224,0.11131333489162704,-0.2212890914175727,4561.260500000006,0.11131333489162704,2.4768175052552337,7.557723623665407,-0.21536471248772293,1273,30,250,14,0.05
7762af4c062e,3.4204431801640705,0.1027634156766539,-0.21536471248772293,4614.946999999998,0.1027634156766539,2.5128999160259755,7.6456662087895815,-0.21536471248772293,1270,30,250,14,0.1
55530150d1b0,3.375060483034103,0.1346246363325018,-0.21536471248772293,4587.621500000002,0.1346246363325018,2.5247400073971185,7.465816805372689,-0.21536471248772293,1261,30,250,14,0.15
2452ed5614fc,3.367149055732778,0.14987052701012787,-0.21536471248772293,4574.230000000013,0.14987052701012787,2.5124589120247407,7.439117728163466,-0.21536471248772293,1254,30,250,14,0.2
d8064381f7af,3.360593833546711,0.19327256304870916,-0.21536471248772293,4523.3760000000075,0.19327256304870916,2.449391209427957,7.439117728163466,-0.21536471248772293,1253,30,250,14,0.25
8b7e650841ce,3.3781529149729743,0.0916576206671843,-0.22387889241501246,4562.519000000006,0.0916576206671843,2.4850775005863315,7.557723623665407,-0.21536471248772293,1273,30,250,20,0.05
6dba95ea0a76,3.416829239051197,0.09518396457725677,-0.22083681087970564,4617.169499999997,0.09518396457725677,2.5096375437867526,7.6456662087895815,-0.21536471248772293,1268,30,250,20,0.1
f64da08510c2,3.3844365370415948,0.13548374358093157,-0.21536471248772293,4601.954500000004,0.13548374358093157,2.555537080620515,7.462288786923338,-0.21536471248772293,1259,30,250,20,0.15
ed7d2ab48de1,3.4021949449571998,0.1949505596380845,-0.21536471248772293,4617.835000000008,0.1949505596380845,2.5102334005077505,7.501400874725763,-0.21536471248772293,1253,30,250,20,0.2
c32fa19ba8a8,3.3495106108862953,0.16278349911487092,-0.21536471248772293,4557.2615000000105,0.16278349911487092,2.4730323312686373,7.412716002275378,-0.21536471248772293,1247,30,250,20,0.25
e5da30c2a378,3.456018539172136,0.23888488318309878,-0.21536471248772293,4538.969,0.23888488318309878,2.5088849512172136,7.620285783116095,-0.21536471248772293,1239,30,300,10,0.05
6650736e4282,3.4974241611034618,0.23935474089070083,-0.21536471248772293,4613.814000000002,0.23935474089070083,2.5258229857618346,7.727094756657849,-0.21536471248772293,1237,30,300,10,0.1
af93ec82bb60,3.504891730848758,0.24201379768292203,-0.21536471248772293,4681.717500000002,0.24201379768292203,2.5896629020869413,7.682998492776411,-0.21536471248772293,1231,30,300,10,0.15
d2b10b7d1164,3.485591920860721,0.2449335413597889,-0.21536471248772293,4684.061000000002,0.2449335413597889,2.581393896173889,7.6304483250484845,-0.21536471248772293,1230,30,300,10,0.2
5f51870e81e9,3.4689648411084604,0.3016538086888403,-0.21536471248772293,4617.969000000005,0.3016538086888403,2.5646399555879427,7.540600759048597,-0.21536471248772293,1226,30,300,10,0.25
9249d3e9c037,3.4622279191039254,0.24684676546321282,-0.21536471248772293,4550.571999999998,0.24684676546321282,2.5195512087324676,7.620285783116095,-0.21536471248772293,1239,30,300,14,0.05
425a0932b463,3.494838420609001,0.24621174508984228,-0.21536471248772293,4587.215500000002,0.24621174508984228,2.511208760079312,7.727094756657849,-0.21536471248772293,1238,30,300,14,0.1
ba7a9a87832a,3.507328740153042,0.24455709038046902,-0.21536471248772293,4702.240500000007,0.24455709038046902,2.594430637302247,7.682998492776411,-0.21536471248772293,1230,30,300,14,0.15
821bdca5b42d,3.491875373434617,0.25734644766925585,-0.21536471248772293,4696.283500000005,0.25734644766925585,2.59148524284087,7.626794429793725,-0.21536471248772293,1228,30,300,14,0.2
8b6e61cf7501,3.4376653290541825,0.25285703377900537,-0.21536471248772293,4638.1945000000005,0.25285703377900537,2.582855346655103,7.477283606728439,-0.21536471248772293,1224,30,300,14,0.25
411251c6d47a,3.4595787746447484,0.23630150937498492,-0.21536471248772293,4550.885999999999,0.23630150937498492,2.5221490314431656,7.620285783116095,-0.21536471248772293,1238,30,300,20,0.05
585bcaa3e41f,3.490777213852629,0.2426614442154057,-0.21536471248772293,4607.471500000003,0.2426614442154057,2.546671704566069,7.682998492776411,-0.21536471248772293,1236,30,300,20,0.1
96e171f84ee7,3.4947401373118674,0.2451361156790663,-0.21536471248772293,4662.934500000001,0.2451361156790663,2.5560858034801246,7.682998492776411,-0.21536471248772293,1230,30,300,20,0.15
7fad7c8657e8,3.43685113424822,0.23961009857582924,-0.21536471248772293,4653.123500000005,0.23961009857582924,2.593659697440391,7.477283606728439,-0.21536471248772293,1227,30,300,20,0.2
58b83d7666ab,3.519292849960061,0.2911275027792371,-0.21536471248772293,4676.819500000005,0.2911275027792371,2.5691802100908676,7.697570837010077,-0.21536471248772293,1222,30,300,20,0.25
293d6843d276,3.2524100900822694,0.0020116068116557938,-0.24781504818930344,4324.493999999999,0.0020116068116557938,2.359572509741784,7.395646153693369,-0.20135965938333933,1310,40,150,10,0.05
d904fb594174,3.223614511728634,0.027519314988032072,-0.2416524769665056,4271.021500000001,0.027519314988032072,2.294424427565639,7.34889979263223,-0.20135965938333933,1304,40,150,10,0.1
8d9169722b46,3.2298338978321257,0.013810329044967836,-0.24230145309735152,4277.147499999999,0.013810329044967836,2.337050914267092,7.338640450184316,-0.20332475553268525,1301,40,150,10,0.15
de1d93751fbe,3.2088262899496685,0.031552590072565,-0.22773510769270067,4187.717499999997,0.031552590072565,2.290056091436066,7.304870188340374,-0.20332475553268525,1288,40,150,10,0.2
c2e0ffaaf6c6,3.181220692741851,-0.09387973821694742,-0.24441345036192264,4040.7305000000006,-0.09387973821694742,2.2061911949144215,7.431350621528079,-0.20332475553268525,1283,40,150,10,0.25
ff5199e47237,3.261358601941281,0.0185616148016758,-0.24238742646820466,4343.778499999999,0.0185616148016758,2.3698680373287977,7.395646153693369,-0.20135965938333933,1310,40,150,14,0.05
975ab0e24d8a,3.229600777467541,0.026234691369899737,-0.24028574600813424,4299.049999999992,0.026234691369899737,2.3136678484004936,7.34889979263223,-0.20135965938333933,1303,40,150,14,0.1
4c88ccab141b,3.2239909079438074,-0.0032180748915055716,-0.24552422631335558,4264.1794999999975,-0.0032180748915055716,2.3395548157498554,7.335635982973072,-0.20332475553268525,1297,40,150,14,0.15
43161577905b,3.2391491094627316,0.08478365982877115,-0.22421756863377063,4243.205499999998,0.08478365982877115,2.3107699145677283,7.321893753991696,-0.20332475553268525,1290,40,150,14,0.2
73b7ad6f2f51,3.2012832263493447,-0.0955832254535747,-0.23458595715873132,4064.182500000003,-0.0955832254535747,2.216060167463038,7.483372737038572,-0.20332475553268525,1283,40,150,14,0.25
ff4df983876e,3.2580210196420363,0.021113095826972617,-0.2404203557430704,4320.544500000001,0.021113095826972617,2.3573038094057663,7.395646153693369,-0.20135965938333933,1310,40,150,20,0.05
c91a19e16439,3.2246526726943663,0.018139627221776488,-0.2437600527434367,4294.520999999991,0.018139627221776488,2.311087334537786,7.344731056323536,-0.20135965938333933,1304,40,150,20,0.1
49815d78fae8,3.205189947040394,-0.002158789710272154,-0.24014180202150548,4196.1735000000035,-0.002158789710272154,2.282092647858382,7.335635982973072,-0.20332475553268525,1298,40,150,20,0.15
ebff8517d539,3.209782454539162,-0.029902622487469395,-0.24956153580864582,4230.989999999996,-0.029902622487469395,2.338628138466453,7.3206218476385025,-0.20332475553268525,1292,40,150,20,0.2
1c3bb93917e3,3.220256824521408,-0.05521848264346415,-0.23720249529111415,4150.100000000005,-0.05521848264346415,2.2805320824516175,7.4354568737560705,-0.20332475553268525,1279,40,150,20,0.25
cb2cd0046e93,3.1878877966385755,-0.13371495271853986,-0.23009947775174833,4240.555499999995,-0.13371495271853986,2.3860828418515356,7.311295500782731,-0.22109483928321305,1277,40,200,10,0.05
5f0c7d2d5512,3.164763151660823,-0.10359828785000838,-0.22109483928321305,4173.171999999994,-0.10359828785000838,2.360310745129162,7.2375769977033135,-0.22109483928321305,1266,40,200,10,0.1
49af905e3e62,3.0740366272814383,-0.06745139373149074,-0.2525176624713493,4071.6705000000015,-0.06745139373149074,2.318441271448711,6.971120004127093,-0.2525176624713493,1262,40,200,10,0.15
9345bab0b1a4,3.0579313861841,-0.05765929369268042,-0.2525176624713493,4016.0345000000048,-0.05765929369268042,2.2952758830272475,6.936177569217734,-0.2525176624713493,1253,40,200,10,0.2
1a4cd78ec643,3.082341133992451,-0.029206098838616353,-0.25448275862069525,4078.586500000004,-0.029206098838616353,2.318390595911129,6.957838904904841,-0.25448275862069525,1244,40,200,10,0.25
f9356b987076,3.193217805993948,-0.15256872090339382,-0.23252814765433738,4250.3259999999955,-0.15256872090339382,2.420926638102507,7.311295500782731,-0.22109483928321305,1275,40,200,14,0.05
1ad68eaca0be,3.156955410029065,-0.1298660285332875,-0.22109483928321305,4159.935999999999,-0.1298660285332875,2.38850602878111,7.212226229839372,-0.22109483928321305,1265,40,200,14,0.1
9b58360ab071,3.0975241337699067,-0.03672015786362698,-0.2525176624713493,4163.869500000005,-0.03672015786362698,2.3581725550462536,6.971120004127093,-0.2525176624713493,1261,40,200,14,0.15
16bfd1b6bad2,3.0441106943025975,-0.10006533335433448,-0.2525176624713493,4011.3084999999987,-0.10006533335433448,2.2947662640420767,6.9376311522200504,-0.2525176624713493,1252,40,200,14,0.2
e65530327326,3.078522440642448,-0.04490937634674885,-0.2525176624713493,4069.5959999999955,-0.04490937634674885,2.309244903289665,6.971231794984427,-0.2525176624713493,1244,40,200,14,0.25
d3ef46917224,3.183735354375324,-0.12587736908019967,-0.22758941955937695,4239.715999999997,-0.12587736908019967,2.4164436039593116,7.260639828246861,-0.22109483928321305,1275,40,200,20,0.05
a655418ec2e0,3.170401787191164,-0.10741607902642086,-0.22378088860888412,4184.551000000001,-0.10741607902642086,2.4063952107605404,7.212226229839372,-0.22109483928321305,1266,40,200,20,0.1
38fbfdae5625,3.100570462050723,-0.073203697120301,-0.2525176624713493,4148.980999999996,-0.073203697120301,2.3709187666384217,7.003996316634049,-0.2525176624713493,1260,40,200,20,0.15
eaeba4ea4ed7,3.055397651664291,-0.096837745495564,-0.2525176624713493,4069.6169999999956,-0.096837745495564,2.325399548268387,6.9376311522200504,-0.2525176624713493,1253,40,200,20,0.2
e4d2f288b554,3.101661150480549,-0.036346800438132036,-0.25448275862069525,4144.273500000005,-0.036346800438132036,2.3385978860607612,7.002732365819018,-0.25448275862069525,1239,40,200,20,0.25
070b623abd48,3.1718999196393383,0.08332855513582996,-0.21536471248772293,4346.681500000006,0.08332855513582996,2.460651713353432,6.971719490428752,-0.21536471248772293,1242,40,250,10,0.05
72ec8f52be59,3.166125881364587,0.08151486627419466,-0.21536471248772293,4339.1380000000045,0.08151486627419466,2.4570613174922316,6.959801460327336,-0.21536471248772293,1238,40,250,10,0.1
1d1e3da905e2,3.210624937684759,0.16186259068685158,-0.21423103916156427,4343.582999999998,0.16186259068685158,2.4369833006007124,7.033028921766712,-0.21423103916156427,1229,40,250,10,0.15
040f0bd49420,3.2862468196287486,0.20536141606922398,-0.21562204650728078,4383.979499999995,0.20536141606922398,2.422640329017912,7.23073871379911,-0.21562204650728078,1220,40,250,10,0.2
b15dd222f2bb,3.333868906961264,0.23705717937651688,-0.21045524727460418,4426.209999999993,0.23705717937651688,2.5075957585808264,7.256953782926449,-0.21045524727460418,1219,40,250,10,0.25
1dbaa563e66d,3.2023436280182658,0.10064262505851262,-0.21536471248772293,4375.361000000008,0.10064262505851262,2.471972453208837,7.034415805787447,-0.21536471248772293,1241,40,250,14,0.05
c3d5dc8f9d86,3.157786622391401,0.041492844659253264,-0.21423103916156427,4317.311000000001,0.041492844659253264,2.462531329336095,6.969335693178854,-0.21423103916156427,1236,40,250,14,0.1
e835cd751b73,3.2263592205706395,0.16347049542597905,-0.21562204650728078,4425.008999999996,0.16347049542597905,2.4918434644769953,7.023763701808945,-0.21562204650728078,1226,40,250,14,0.15
c17de60effc4,3.252750641486022,0.2432009560996188,-0.2117980629766577,4404.130499999997,0.2432009560996188,2.4598275509486918,7.0552234174097554,-0.2117980629766577,1219,40,250,14,0.2
2dbc4ec49870,3.335631441663102,0.19823024073037848,-0.21045524727460418,4397.72049999999,0.19823024073037848,2.467224664162134,7.341439420096793,-0.21045524727460418,1216,40,250,14,0.25
63431a0e68a6,3.1959865426933036,0.0881669657659473,-0.21536471248772293,4362.161000000008,0.0881669657659473,2.465376856526518,7.034415805787447,-0.21536471248772293,1241,40,250,20,0.05
39e285e6548e,3.1496807028569607,0.01844915957373706,-0.21423103916156427,4303.879999999997,0.01844915957373706,2.4612572558182904,6.969335693178854,-0.21423103916156427,1236,40,250,20,0.1
ffa3363a3089,3.1907959785158337,0.12781056041017078,-0.21562204650728078,4386.965999999992,0.12781056041017078,2.4844809408413604,6.960096434295971,-0.21562204650728078,1227,40,250,20,0.15
1a5a0e8d2260,3.2619101302781175,0.25275950042675616,-0.21045524727460418,4423.927499999996,0.25275950042675616,2.472198551120234,7.060772339287362,-0.21045524727460418,1219,40,250,20,0.2
4cb91c1e2fb1,3.366633144576239,0.2401648667594602,-0.20990034155243154,4514.551999999994,0.2401648667594602,2.4935627426159757,7.366171824353282,-0.20990034155243154,1216,40,250,20,0.25
b47e24a2aaff,3.5520841321460446,0.4650773596882276,-0.21536471248772293,4678.250500000002,0.4650773596882276,2.581016138680227,7.61015889806968,-0.21536471248772293,1204,40,300,10,0.05
fdd535421802,3.414598967962864,0.3641426962573949,-0.21536471248772293,4556.7789999999995,0.3641426962573949,2.574888143817732,7.3047660638134655,-0.21536471248772293,1201,40,300,10,0.1
c0b8a9df2730,3.466868396282497,0.43769855119238,-0.21536471248772293,4596.314499999991,0.43769855119238,2.5769597419139614,7.38594689574115,-0.21536471248772293,1196,40,300,10,0.15
a45a28d6b20c,3.466917125831859,0.37390390123820766,-0.21536471248772293,4602.85349999999,0.37390390123820766,2.640900580516219,7.38594689574115,-0.21536471248772293,1193,40,300,10,0.2
d9f902a11b4c,3.3681238149802346,0.24912594962680853,-0.21536471248772293,4512.972999999992,0.24912594962680853,2.664522779965998,7.190722715347897,-0.21536471248772293,1189,40,300,10,0.25
1257a24b4748,3.5534597031143593,0.4601366170442633,-0.21536471248772293,4699.7315,0.4601366170442633,2.590083594229134,7.61015889806968,-0.21536471248772293,1203,40,300,14,0.05
67a8358e5438,3.4034978461723564,0.4014100327410546,-0.21536471248772293,4540.711,0.4014100327410546,2.55902440300871,7.250059102767304,-0.21536471248772293,1199,40,300,14,0.1
457b209186d4,3.4277686886571317,0.4387855045585086,-0.21536471248772293,4601.056499999997,0.4387855045585086,2.5910960299227765,7.2534245314901105,-0.21536471248772293,1197,40,300,14,0.15
1c87cf4ef2c2,3.462855881270491,0.3746306504646212,-0.21536471248772293,4591.162499999989,0.3746306504646212,2.6263716846623972,7.387565308684454,-0.21536471248772293,1196,40,300,14,0.2
0519e6e68b41,3.367699957694398,0.2761695811057016,-0.21536471248772293,4512.744999999993,0.2761695811057016,2.6345627912688716,7.19236750070862,-0.21536471248772293,1189,40,300,14,0.25
feb3f0821d9c,3.5827148115231178,0.462622737770912,-0.21536471248772293,4732.283999999999,0.462622737770912,2.588554669620856,7.696967027177585,-0.21536471248772293,1204,40,300,20,0.05
3fdd59d71362,3.4064702903611157,0.39795606868987704,-0.21536471248772293,4557.627000000001,0.39795606868987704,2.5713956996261653,7.250059102767304,-0.21536471248772293,1199,40,300,20,0.1
c962d115d702,3.453230297086799,0.40482642333589713,-0.21536471248772293,4578.469499999999,0.40482642333589713,2.5689175721833504,7.38594689574115,-0.21536471248772293,1198,40,300,20,0.15
ad09724b5bf7,3.4435311823830705,0.36408070849520374,-0.21536471248772293,4560.972499999991,0.36408070849520374,2.578947529969553,7.387565308684454,-0.21536471248772293,1196,40,300,20,0.2
66a3288a4d4c,3.37103980564657,0.3033923080645956,-0.21536471248772293,4503.810499999996,0.3033923080645956,2.6173596081664936,7.19236750070862,-0.21536471248772293,1189,40,300,20,0.25
b6c359874653,3.2548423962989723,0.1039758101601373,-0.2056641557104797,4241.623499999998,0.1039758101601373,2.322966445278736,7.337584933458043,-0.2056641557104797,1278,50,150,10,0.05
9b79ea36e9e8,3.21546308171838,0.049782078841449785,-0.20837091582832556,4147.540499999997,0.049782078841449785,2.2904119183485925,7.306195247965097,-0.2056641557104797,1274,50,150,10,0.1
f22b2e010a15,3.214722704489756,0.04604935896131651,-0.20930327285414707,4150.008500000002,0.04604935896131651,2.320327177388553,7.277791577119398,-0.2056641557104797,1265,50,150,10,0.15
a54d0041db87,3.2795249629141856,0.11845257244143115,-0.19118808060438486,4098.877000000001,0.11845257244143115,2.3033136219233805,7.416808694377744,-0.1778781640387448,1258,50,150,10,0.2
7edaa7f18d6a,3.2745291402502006,0.08873780021678013,-0.1883122085451302,4087.0105000000053,0.08873780021678013,2.3012377711475978,7.4336118493862235,-0.1778781640387448,1248,50,150,10,0.25
9450dbb1e9b6,3.248902244298131,0.09526324712715427,-0.2056641557104797,4211.471999999998,0.09526324712715427,2.312380978284793,7.339062507482445,-0.2056641557104797,1278,50,150,14,0.05
8bbde7a56140,3.2249247125662417,0.05005012160940469,-0.2056641557104797,4185.112000000001,0.05005012160940469,2.3215506360479394,7.303173380041381,-0.2056641557104797,1273,50,150,14,0.1
0a250be94b17,3.233086915537046,0.025752164954885786,-0.2070054940492202,4165.679500000005,0.025752164954885786,2.333474126810972,7.340034454845279,-0.2056641557104797,1265,50,150,14,0.15
71f2d1da9725,3.3015994249319767,0.13979013209755178,-0.1950770369258471,4187.350500000002,0.13979013209755178,2.3235978752896016,7.441410267408776,-0.1778781640387448,1255,50,150,14,0.2
bcbb87326778,3.211026020334389,-0.004007924720376202,-0.19580184209928564,4004.7590000000046,-0.004007924720376202,2.2633926634576644,7.373693322265879,-0.1778781640387448,1245,50,150,14,0.25
9ffd9963a6d1,3.2489627576760314,0.11189879651461354,-0.2056641557104797,4227.380999999999,0.11189879651461354,2.3245979416480846,7.310391534865396,-0.2056641557104797,1278,50,150,20,0.05
be2d31bf8ed6,3.239045209633914,0.07993422692663767,-0.2056641557104797,4196.535000000001,0.07993422692663767,2.3340280219337233,7.303173380041381,-0.2056641557104797,1271,50,150,20,0.1
475432e0553e,3.2871524953039084,-0.004543334031665712,-0.202383982532796,4213.693499999999,-0.004543334031665712,2.3576706493767943,7.508330170566596,-0.1778781640387448,1266,50,150,20,0.15
ce479a8af762,3.35493382688624,0.08903132403032081,-0.1919616969796385,4218.312500000001,0.08903132403032081,2.3288397339720985,7.6469304226562995,-0.1778781640387448,1253,50,150,20,0.2
0f7985d5fa9d,3.271901813991685,-0.013353755412582565,-0.21402653089096835,4061.720000000005,-0.013353755412582565,2.2896686058893896,7.539390591498248,-0.1778781640387448,1243,50,150,20,0.25
238834d9206a,3.177426658712927,-0.04075557936258796,-0.25448275862069525,4210.308000000006,-0.04075557936258796,2.3901650999172803,7.182870455584088,-0.25448275862069525,1242,50,200,10,0.05
4e999fb9c998,3.2515154252100307,0.005913105132100281,-0.25448275862069525,4308.699499999994,0.005913105132100281,2.4166068311982847,7.332026339299707,-0.25448275862069525,1233,50,200,10,0.1
f9da5824a59e,3.2665206919365364,0.09963475989432886,-0.25448275862069525,4400.833999999999,0.09963475989432886,2.4603817152082734,7.2395456007070065,-0.25448275862069525,1222,50,200,10,0.15
0b6bf01bef35,3.3162033680949032,0.12446823074894432,-0.2568221587984897,4390.2914999999975,0.12446823074894432,2.494065741509403,7.330076132026362,-0.2568221587984897,1214,50,200,10,0.2
ccf97daa2e13,3.2985966001973304,0.12573130608019809,-0.2568221587984897,4416.7395,0.12573130608019809,2.560457833478654,7.20960066103314,-0.2568221587984897,1204,50,200,10,0.25
1e044d70cbb1,3.1930191825820926,-0.00786872511690694,-0.25448275862069525,4242.675500000007,-0.00786872511690694,2.404055817279097,7.182870455584088,-0.25448275862069525,1241,50,200,14,0.05
83fa45c45391,3.270850553339694,0.040956391161311424,-0.25448275862069525,4377.412499999997,0.040956391161311424,2.439568929558063,7.332026339299707,-0.25448275862069525,1229,50,200,14,0.1
fea1c764f57c,3.265288271001962,0.08008553296247721,-0.25448275862069525,4407.879999999999,0.08008553296247721,2.4762336793364024,7.2395456007070065,-0.25448275862069525,1220,50,200,14,0.15
dd9561bd5ce1,3.3301348411445595,0.16411831780186006,-0.2568221587984897,4461.801000000003,0.16411831780186006,2.4962100736054564,7.330076132026362,-0.2568221587984897,1213,50,200,14,0.2
efba203b7e2c,3.296280804632443,0.1468581200542325,-0.2568221587984897,4410.719000000004,0.1468581200542325,2.5366306877292844,7.205353606113813,-0.2568221587984897,1203,50,200,14,0.25
17a9ecaa11c9,3.1817161648264456,-0.015060753501883113,-0.25448275862069525,4209.670000000002,-0.015060753501883113,2.3773387923971323,7.182870455584088,-0.25448275862069525,1240,50,200,20,0.05
700cfb448ba5,3.260753904796332,0.01908653797704546,-0.25448275862069525,4352.036999999997,0.01908653797704546,2.431148837112244,7.332026339299707,-0.25448275862069525,1229,50,200,20,0.1
fad9cd952a57,3.3067544791032106,0.09993766904561499,-0.2568221587984897,4405.8415,0.09993766904561499,2.4423813978509084,7.3779443704131085,-0.2568221587984897,1219,50,200,20,0.15
401bbf57af2d,3.2932942970916357,0.10813253165129792,-0.2568221587984897,4459.529500000006,0.10813253165129792,2.508482845697103,7.263267513926506,-0.2568221587984897,1211,50,200,20,0.2
e39b203f2de4,3.346399550932435,0.14342762989741137,-0.2568221587984897,4463.117499999999,0.14342762989741137,2.540409438662807,7.3553615842370865,-0.2568221587984897,1202,50,200,20,0.25
51a2d3ae2d8e,3.4669281477095626,0.25528608626231125,-0.21562204650728078,4674.257499999995,0.25528608626231125,2.620699317152475,7.524799039713901,-0.21562204650728078,1210,50,250,10,0.05
fe2ab444dabe,3.5156289308443824,0.2912724882661493,-0.21045524727460418,4672.368499999993,0.2912724882661493,2.6663040650188656,7.589310239248133,-0.21045524727460418,1206,50,250,10,0.1
c63d659e7dd0,3.536045628276207,0.38532096621973383,-0.20990034155243154,4648.202999999995,0.38532096621973383,2.645986089088985,7.5768298295199035,-0.20990034155243154,1198,50,250,10,0.15
da3946499b86,3.5213155587119367,0.3291932519850964,-0.20990034155243154,4616.691999999995,0.3291932519850964,2.6628679652306415,7.571885458920072,-0.20990034155243154,1194,50,250,10,0.2
485f7998e773,3.5098184225708606,0.20487407404132058,-0.23184453457885568,4625.363999999992,0.20487407404132058,2.7227575562034536,7.601823637467807,-0.21862443269546272,1187,50,250,10,0.25
f5c2b96105d5,3.4521223166706254,0.2343894888382624,-0.21562204650728078,4667.839999999992,0.2343894888382624,2.597178421459713,7.524799039713901,-0.21562204650728078,1209,50,250,14,0.05
149c55f82a60,3.522426530808048,0.29357853232755077,-0.21045524727460418,4711.7524999999905,0.29357853232755077,2.6843908208484613,7.589310239248133,-0.21045524727460418,1205,50,250,14,0.1
c12072ef0f9b,3.5198036976832134,0.34119895061972266,-0.20990034155243154,4645.422999999997,0.34119895061972266,2.6463266835098453,7.571885458920072,-0.20990034155243154,1198,50,250,14,0.15
ef735c1b878b,3.5171563145404128,0.3560842585104854,-0.21862443269546272,4600.164499999996,0.3560842585104854,2.636441869481454,7.558942815629299,-0.21862443269546272,1192,50,250,14,0.2
5079d6d3dfb8,3.5124892250738218,0.2752605306505717,-0.22109483928321305,4629.121999999996,0.2752605306505717,2.6808807449425225,7.581326399628371,-0.22109483928321305,1187,50,250,14,0.25
7e53ab48b5d9,3.464822996788931,0.23937428690935367,-0.2117980629766577,4674.233499999993,0.23937428690935367,2.5973807976818266,7.557713905775613,-0.2117980629766577,1209,50,250,20,0.05
9e0ec54be1e1,3.491029037144736,0.24692792280083598,-0.20990034155243154,4677.162499999996,0.24692792280083598,2.657145646370154,7.569013542263217,-0.20990034155243154,1204,50,250,20,0.1
1c7dee140894,3.540550354826396,0.38511390256309314,-0.21862443269546272,4671.760999999999,0.38511390256309314,2.6584072421303278,7.578129919785768,-0.21862443269546272,1195,50,250,20,0.15
cb983e011ec6,3.514206608690936,0.3380599854098063,-0.22109483928321305,4597.947500000002,0.3380599854098063,2.6232334410346305,7.581326399628371,-0.22109483928321305,1194,50,250,20,0.2
07f693d9a63e,3.482643935763074,0.2657483849813803,-0.22109483928321305,4559.409,0.2657483849813803,2.6167213708068973,7.565462051500946,-0.22109483928321305,1183,50,250,20,0.25
77f7f8cfb56d,3.3597023999326905,0.2536188317100173,-0.21536471248772293,4568.831999999995,0.2536188317100173,2.721045667209067,7.104442700878988,-0.21536471248772293,1183,50,300,10,0.05
95a13ba12c71,3.3418979445555856,0.21658778243665405,-0.21536471248772293,4534.33699999999,0.21658778243665405,2.7046633503511157,7.104442700878988,-0.21536471248772293,1178,50,300,10,0.1
da9c5e16392b,3.2565396353739757,0.19546474882804055,-0.21536471248772293,4481.303499999984,0.19546474882804055,2.742525834988914,6.831628322304972,-0.21536471248772293,1171,50,300,10,0.15
3a43700c5a0e,3.248937976688863,0.16659002903868353,-0.21536471248772293,4442.497999999984,0.16659002903868353,2.722316363863414,6.8579075371644915,-0.21536471248772293,1167,50,300,10,0.2
130dfacb603a,3.3315236325376403,0.2397062874808045,-0.21536471248772293,4510.416999999985,0.2397062874808045,2.7285625495595878,7.026302060572529,-0.21536471248772293,1164,50,300,10,0.25
f091b5409551,3.3572771115303426,0.26056989433163,-0.21536471248772293,4570.578999999994,0.26056989433163,2.706818739380411,7.104442700878988,-0.21536471248772293,1184,50,300,14,0.05
d8816b9693d6,3.356621595813492,0.247738075717576,-0.21536471248772293,4566.23049999999,0.247738075717576,2.717684010843912,7.104442700878988,-0.21536471248772293,1178,50,300,14,0.1
579581589b78,3.2678922079309474,0.22569407224460958,-0.21536471248772293,4493.635499999987,0.22569407224460958,2.7200750143837418,6.8579075371644915,-0.21536471248772293,1170,50,300,14,0.15
de99945b13ed,3.2518971765875997,0.15922749267510342,-0.21536471248772293,4460.982499999987,0.15922749267510342,2.7385564999232046,6.8579075371644915,-0.21536471248772293,1166,50,300,14,0.2
4f5237ad5eaa,3.316205303103032,0.1840532199297286,-0.21536471248772293,4510.017999999983,0.1840532199297286,2.738260628806839,7.026302060572529,-0.21536471248772293,1161,50,300,14,0.25
e0d47d2ead28,3.3443423978485036,0.22320990569010007,-0.21536471248772293,4551.081999999993,0.22320990569010007,2.705374586976422,7.104442700878988,-0.21536471248772293,1185,50,300,20,0.05
0b68c619cb7b,3.3616381143921843,0.2517706087765653,-0.21536471248772293,4593.3474999999935,0.2517706087765653,2.7287010335210007,7.104442700878988,-0.21536471248772293,1176,50,300,20,0.1
b4e834446408,3.2617908873710544,0.212970207934217,-0.21536471248772293,4480.449999999987,0.212970207934217,2.7144949170144543,6.8579075371644915,-0.21536471248772293,1172,50,300,20,0.15
1ca949cf908b,3.244153071210253,0.15083668706951336,-0.21536471248772293,4452.219499999987,0.15083668706951336,2.718745907002585,6.862876619558662,-0.21536471248772293,1165,50,300,20,0.2
bb76962b9506,3.2739153242384647,0.14125545863209718,-0.21536471248772293,4461.9074999999875,0.14125545863209718,2.736982317739061,6.9435081963442356,-0.21536471248772293,1159,50,300,20,0.25
528ac3e9a5fc,3.2394391455135465,-0.035138064988627815,-0.2265301332765185,4244.235000000001,-0.035138064988627815,2.4105741218577013,7.3428813796715655,-0.20913255041407952,1261,60,150,10,0.05
b84a1c55cd78,3.2254926286533228,0.009139031064034272,-0.21336121000892116,4143.559000000008,0.009139031064034272,2.351416715810254,7.315922139085681,-0.2087535675852763,1239,60,150,10,0.1
a17b3d860868,3.2780052486296456,0.02127310497770394,-0.21437671755896726,4126.284500000008,0.02127310497770394,2.3708620378655825,7.44188060304565,-0.17749918120994157,1232,60,150,10,0.15
931d2bb09574,3.2651704308943756,-0.010017366949823974,-0.2154590036055144,4133.253500000004,-0.010017366949823974,2.383372028811524,7.422156630821426,-0.18036120338745532,1218,60,150,10,0.2
b7d5e26aa014,3.3175200287002427,-0.0037173244147442664,-0.20767098706548415,4157.650999999998,-0.0037173244147442664,2.3882689507190498,7.568008459796422,-0.18036120338745532,1205,60,150,10,0.25
f0c89306046a,3.246901139266598,-0.03463622953589071,-0.22699157978583273,4268.292999999996,-0.03463622953589071,2.4324582676641198,7.3428813796715655,-0.20913255041407952,1257,60,150,14,0.05
4af626639744,3.2551101334917583,0.008184171356857577,-0.2087535675852763,4233.7740000000085,0.008184171356857577,2.38479114029068,7.372355088827738,-0.2087535675852763,1241,60,150,14,0.1
8018ff75682f,3.25677195917879,-0.003519147016903451,-0.2138970101883111,4101.8250000000035,-0.003519147016903451,2.3470245041360522,7.426810520417221,-0.17749918120994157,1230,60,150,14,0.15
415cc9631ab5,3.2787814547538745,-0.013909555886773702,-0.212047532975552,4244.112000000001,-0.013909555886773702,2.428129370290631,7.422124549857767,-0.18036120338745532,1210,60,150,14,0.2
12029e0bbf0a,3.3999062667627076,0.049739615545589505,-0.20101554576959157,4200.5195,0.049739615545589505,2.4146889873990363,7.735290197343497,-0.18036120338745532,1203,60,150,14,0.25
8c410a097f70,3.2050293919146298,-0.020034012008580366,-0.22162546881176814,4232.115499999998,-0.020034012008580366,2.424724856381104,7.210397331371365,-0.20913255041407952,1259,60,150,20,0.05
660149510443,3.3207367607105955,-0.025045163404507197,-0.2119402972448715,4314.874500000009,-0.025045163404507197,2.40883181965001,7.578423625886285,-0.18914939409535836,1242,60,150,20,0.1
565d651c15ca,3.200864900190569,-0.09800166389666196,-0.2308732224903015,4020.4625000000037,-0.09800166389666196,2.321499500547963,7.379096863920407,-0.17749918120994157,1229,60,150,20,0.15
90a86b59f423,3.3853467781050224,0.008841010435305479,-0.2036460628594462,4264.096499999996,0.008841010435305479,2.429498784589359,7.717700539290403,-0.18036120338745532,1214,60,150,20,0.2
1239e94023c6,3.4218418522677134,0.05733013800786209,-0.1979601534197225,4295.930500000005,0.05733013800786209,2.4094470953448375,7.7987483234504404,-0.18036120338745532,1195,60,150,20,0.25
e1e871c083fc,3.171051054508858,0.1890462615028845,-0.2568221587984897,4419.302000000001,0.1890462615028845,2.579315754918538,6.744791147105151,-0.2568221587984897,1206,60,200,10,0.05
6b33e3bd3427,3.159865639064234,0.16357143145671577,-0.2568221587984897,4371.391000000003,0.16357143145671577,2.6162414575166606,6.699784028219326,-0.2568221587984897,1196,60,200,10,0.1
60f6b6d0f5c5,3.200215178868166,0.23156244122577888,-0.2290361671267549,4320.9749999999985,0.23156244122577888,2.556696123263344,6.812386972115375,-0.2290361671267549,1185,60,200,10,0.15
7a691491be67,3.2687306663439766,0.21546377992057136,-0.2290361671267549,4316.932000000001,0.21546377992057136,2.5617863107876633,7.028941908323694,-0.2290361671267549,1173,60,200,10,0.2
d51988e0a3d1,3.239076781187728,0.15339604281089458,-0.22865718429795157,4330.619499999994,0.15339604281089458,2.5991780171786036,6.964656283573685,-0.22865718429795157,1167,60,200,10,0.25
b8953f6f3180,3.18136317143739,0.18791978659564942,-0.2568221587984897,4460.191000000002,0.18791978659564942,2.611378580611368,6.744791147105151,-0.2568221587984897,1204,60,200,14,0.05
2bdf9a44fd42,3.149980462267198,0.17060239505210603,-0.2568221587984897,4342.307499999999,0.17060239505210603,2.5795549635301636,6.699784028219326,-0.2568221587984897,1194,60,200,14,0.1
bec91bb11d1d,3.200727595227825,0.21958719446936142,-0.2290361671267549,4316.3189999999995,0.21958719446936142,2.5745264381583803,6.808069153055734,-0.2290361671267549,1184,60,200,14,0.15
0dd52f2015dd,3.198452649120973,0.24323061290308642,-0.2290361671267549,4292.235500000004,0.24323061290308642,2.549470380829576,6.8026569536302555,-0.2290361671267549,1171,60,200,14,0.2
2dd8b3c839cc,3.2162690400983607,0.0929109972722055,-0.22865718429795157,4282.546999999993,0.0929109972722055,2.557136830030974,6.998759292991902,-0.22865718429795157,1168,60,200,14,0.25
6816de355e80,3.218448186435238,0.2236663111907221,-0.2568221587984897,4502.433000000003,0.2236663111907221,2.600472993472117,6.831205254642875,-0.2568221587984897,1206,60,200,20,0.05
911ef99259ea,3.1718649545322997,0.20809583534799064,-0.2568221587984897,4410.697000000002,0.20809583534799064,2.607715000029583,6.699784028219326,-0.2568221587984897,1194,60,200,20,0.1
6a645526f0af,3.1867025416511185,0.1679006075771968,-0.2290361671267549,4326.566500000004,0.1679006075771968,2.5742722092173658,6.8179348081587925,-0.2290361671267549,1184,60,200,20,0.15
cbfe276a87a5,3.1691802699195364,0.1423189095159283,-0.2290361671267549,4276.7945,0.1423189095159283,2.5811679774096707,6.78405392283301,-0.2290361671267549,1169,60,200,20,0.2
2c55731aedb9,3.2053369015824766,0.11250415304163354,-0.23047844857561173,4223.991999999993,0.11250415304163354,2.5047472587138944,6.998759292991902,-0.22865718429795157,1161,60,200,20,0.25
4c2b84f2ce54,3.4929018870134776,0.3178609278003705,-0.21045524727460418,4660.717999999998,0.3178609278003705,2.681264410991506,7.479580322248557,-0.21045524727460418,1185,60,250,10,0.05
243b0338cdff,3.510571057356886,0.2649756168669103,-0.20990034155243154,4609.613999999991,0.2649756168669103,2.6703966953582854,7.596340859845463,-0.20990034155243154,1178,60,250,10,0.1
408a04fa00a7,3.5073325818137406,0.2386956610281259,-0.21862443269546272,4596.562999999986,0.2386956610281259,2.6810558465189493,7.602246237894147,-0.21862443269546272,1174,60,250,10,0.15
12ce7f6b7ca9,3.3561358944135935,0.1347739827485814,-0.22109483928321305,4420.877999999995,0.1347739827485814,2.6450933846879057,7.288540315804293,-0.22109483928321305,1169,60,250,10,0.2
93651284bbf0,3.3044934687621184,0.09298219937902844,-0.2525176624713493,4389.512499999988,0.09298219937902844,2.6552791670372535,7.165219039870074,-0.2525176624713493,1161,60,250,10,0.25
62f8e7cd2146,3.4813743590349326,0.31632538768330626,-0.21045524727460418,4654.244999999997,0.31632538768330626,2.686432551657586,7.441365137763905,-0.21045524727460418,1185,60,250,14,0.05
19994d7c157a,3.510083579250228,0.2859208944634833,-0.20990034155243154,4608.768499999994,0.2859208944634833,2.647988983441739,7.596340859845463,-0.20990034155243154,1177,60,250,14,0.1
e0cc9003f235,3.4899704811411163,0.2275645506278159,-0.22109483928321305,4558.930999999991,0.2275645506278159,2.6589777320792387,7.583369160716296,-0.22109483928321305,1173,60,250,14,0.15
ede2f62a46b1,3.3657558312562785,0.1316054476841614,-0.22109483928321305,4451.924999999996,0.1316054476841614,2.677121730280381,7.288540315804293,-0.22109483928321305,1169,60,250,14,0.2
e020391785ba,3.3210163904317263,0.09640222857682125,-0.2525176624713493,4432.253499999992,0.09640222857682125,2.67002523727776,7.196621705440598,-0.2525176624713493,1160,60,250,14,0.25
33ddb38c9e77,3.4767419079817277,0.31963176804775806,-0.20990034155243154,4653.732499999997,0.31963176804775806,2.6862281800174963,7.424365775879928,-0.20990034155243154,1184,60,250,20,0.05
338c80b82caf,3.5100628835509,0.2944689679442605,-0.21862443269546272,4599.28149999999,0.2944689679442605,2.6334734448142934,7.602246237894147,-0.21862443269546272,1178,60,250,20,0.1
012f2ae9acf9,3.4779971692884195,0.18956998944008338,-0.22109483928321305,4539.671999999997,0.18956998944008338,2.651302852159765,7.59311866626541,-0.22109483928321305,1171,60,250,20,0.15
32c10f7bc927,3.28845803357491,0.1117122016135681,-0.2525176624713493,4447.218499999985,0.1117122016135681,2.7188422158647856,7.034819683246376,-0.2525176624713493,1162,60,250,20,0.2
302bd96c488e,3.324595136930133,0.12208390272034417,-0.2525176624713493,4445.327999999987,0.12208390272034417,2.6693514525935376,7.182350055476516,-0.2525176624713493,1157,60,250,20,0.25
4f2d53635540,3.3050969735399445,0.209176509392316,-0.21536471248772293,4511.13749999999,0.209176509392316,2.7476332161224035,6.958481195105114,-0.21536471248772293,1162,60,300,10,0.05
4a08c56944f4,3.2849465694288114,0.11986824074303207,-0.21536471248772293,4468.460999999982,0.11986824074303207,2.7764902724382874,6.958481195105114,-0.21536471248772293,1159,60,300,10,0.1
1a0a4ca57bf8,3.2478453225518016,0.17146961241852646,-0.21536471248772293,4404.162999999986,0.17146961241852646,2.720987658484061,6.851078696752816,-0.21536471248772293,1155,60,300,10,0.15
87acd33f5b82,3.2480821716993713,0.1426525047004866,-0.21536471248772293,4386.098999999992,0.1426525047004866,2.7320191488351155,6.869574861562511,-0.21536471248772293,1148,60,300,10,0.2
eaf898c376cf,3.1738629984962614,0.045899453912905085,-0.21536471248772293,4272.475999999987,0.045899453912905085,2.678818178999787,6.796871362576092,-0.21536471248772293,1146,60,300,10,0.25
504e026cc068,3.315454735948755,0.20946619090623536,-0.21536471248772293,4560.86349999999,0.20946619090623536,2.778416821834917,6.958481195105114,-0.21536471248772293,1161,60,300,14,0.05
eb51a85f3db2,3.2900368731428618,0.11762650140790219,-0.21536471248772293,4500.138499999983,0.11762650140790219,2.7940029229155687,6.958481195105114,-0.21536471248772293,1159,60,300,14,0.1
4d22e5a9d024,3.2636347413034916,0.16816637995217418,-0.21536471248772293,4452.847999999982,0.16816637995217418,2.7531629823957906,6.869574861562511,-0.21536471248772293,1154,60,300,14,0.15
d6007596f2ae,3.197033509283692,0.1108983094493339,-0.21536471248772293,4288.078499999992,0.1108983094493339,2.660009011793747,6.820193206607994,-0.21536471248772293,1148,60,300,14,0.2
8d60f681fc7c,3.184909330433687,0.04696444220294378,-0.21536471248772293,4289.443499999985,0.04696444220294378,2.689849219066742,6.817914330031375,-0.21536471248772293,1145,60,300,14,0.25
b73d1edc5299,3.3046013443588684,0.18190627766098996,-0.21536471248772293,4556.73549999999,0.18190627766098996,2.7734165603105008,6.958481195105114,-0.21536471248772293,1162,60,300,20,0.05
27e9f43a58b1,3.308313010721216,0.1822081435247094,-0.21536471248772293,4535.945499999981,0.1822081435247094,2.8016076234877003,6.941123265151238,-0.21536471248772293,1159,60,300,20,0.1
bf93121e6c56,3.239604737090975,0.1374926495221829,-0.21536471248772293,4438.134499999978,0.1374926495221829,2.761128355142748,6.820193206607994,-0.21536471248772293,1153,60,300,20,0.15
aee4415d1957,3.2071670859774977,0.10917356286856345,-0.21536471248772293,4316.929499999993,0.10917356286856345,2.6711396682308486,6.8411880268330805,-0.21536471248772293,1150,60,300,20,0.2
6f5d687abfcf,3.1904730755558073,0.04498514644700677,-0.21536471248772293,4299.734999999983,0.04498514644700677,2.697784747860515,6.8286493323599,-0.21536471248772293,1145,60,300,20,0.25
