config_id,config_idx,period,pnl_usd,max_drawdown,sharpe,win_rate,profit_factor,trades,ema_fast,ema_slow,atr_n,sep_k
a6fa4d8099c7,1,2021-2022,-134.93799999999214,-0.270401557311839,-0.14070841250418975,36.0082304526749,0.9523148777017685,485,30,150,10,0.05
a6fa4d8099c7,1,2023-2025,3026.36700000001,-0.20454292459494383,2.2719390545475693,38.90909090909091,1.542447441481201,825,30,150,10,0.05
a6fa4d8099c7,1,2026,1365.4704999999958,-0.16307303607355428,7.7732991541962395,36.36363636363637,3.4734542769286256,43,30,150,10,0.05
78a97375a0b0,2,2021-2022,-116.75949999999398,-0.2595462374613944,-0.10515552533497516,35.9504132231405,0.9503580525993839,483,30,150,10,0.1
78a97375a0b0,2,2023-2025,3053.4780000000055,-0.2122776650655268,2.2878837548933855,38.976857490864795,1.555855319170118,821,30,150,10,0.1
78a97375a0b0,2,2026,1387.9139999999925,-0.1644640434192708,7.857333317786139,36.36363636363637,3.502854492257183,43,30,150,10,0.1
3eec78e7da1b,3,2021-2022,-117.33499999999503,-0.2578700023679499,-0.10939446144136689,36.45833333333333,0.950571368352124,479,30,150,10,0.15
3eec78e7da1b,3,2023-2025,3003.9270000000015,-0.20952809594701927,2.2826399994025444,38.82063882063882,1.5583800123789147,814,30,150,10,0.15
3eec78e7da1b,3,2026,1392.6954999999925,-0.1592972441865942,7.894025403107026,36.36363636363637,3.513722155481647,43,30,150,10,0.15
58ad1194e010,4,2021-2022,-74.99949999999649,-0.24887669650024313,-0.026529619037673476,36.554621848739494,0.967501446977065,475,30,150,10,0.2
58ad1194e010,4,2023-2025,3035.8670000000066,-0.20829451279428024,2.325348081638685,39.25925925925926,1.5690003414464855,810,30,150,10,0.2
58ad1194e010,4,2026,1361.305499999994,-0.15848313292472183,7.772893996576771,36.36363636363637,3.439139683385887,43,30,150,10,0.2
7eb1bbca205c,5,2021-2022,-59.78149999999596,-0.2451567515625026,0.004233323724116219,36.49789029535865,0.9818794198671895,473,30,150,10,0.25
7eb1bbca205c,5,2023-2025,3008.4219999999978,-0.2043827771526724,2.3050289997657676,39.281288723667906,1.563953971644921,807,30,150,10,0.25
7eb1bbca205c,5,2026,1386.583499999997,-0.16746642960745273,7.867103961396565,38.63636363636363,3.5186991948033266,43,30,150,10,0.25
af37b0717ab2,6,2021-2022,-140.3199999999922,-0.27413234496930017,-0.15102839652337774,36.21399176954733,0.9504865063047264,485,30,150,14,0.05
af37b0717ab2,6,2023-2025,3020.5100000000084,-0.20453456923975366,2.2687600148747658,38.90909090909091,1.540847248192038,825,30,150,14,0.05
af37b0717ab2,6,2026,1363.9839999999958,-0.1644640434192708,7.7626284470574864,36.36363636363637,3.4700896494379845,43,30,150,14,0.05
81f26f7dfd53,7,2021-2022,-114.38149999999519,-0.25787491513199745,-0.10001766654298386,35.9504132231405,0.9512726182503174,483,30,150,14,0.1
81f26f7dfd53,7,2023-2025,3057.3705000000045,-0.21210078782635888,2.2891166804363046,38.90243902439025,1.5482812218937516,820,30,150,14,0.1
81f26f7dfd53,7,2026,1392.0004999999928,-0.1606400598886477,7.888520314981286,36.36363636363637,3.5121373880239872,43,30,150,14,0.1
8e53dcfccb8a,8,2021-2022,-113.36249999999609,-0.267027394554887,-0.0990674522902085,36.17463617463618,0.9527236282560466,480,30,150,14,0.15
8e53dcfccb8a,8,2023-2025,3018.034500000006,-0.20962045275444774,2.2935378198581575,38.99138991389914,1.5616457365286205,813,30,150,14,0.15
8e53dcfccb8a,8,2026,1381.1424999999936,-0.15848313292472183,7.832203060504965,36.36363636363637,3.4661729139023447,43,30,150,14,0.15
ab8481271ed9,9,2021-2022,-71.98549999999523,-0.25044288567899653,-0.020131745997787283,36.76470588235294,0.9719292340129676,475,30,150,14,0.2
ab8481271ed9,9,2023-2025,3051.8240000000033,-0.20641420991722315,2.340093222680772,39.10891089108911,1.5742807475077896,808,30,150,14,0.2
ab8481271ed9,9,2026,1366.453499999996,-0.16746642960745273,7.77808891110486,36.36363636363637,3.450500226044257,43,30,150,14,0.2
034b476b6c21,10,2021-2022,-22.728999999997768,-0.23680701778518765,0.08040894381259739,36.86440677966102,0.9931874246459957,471,30,150,14,0.25
034b476b6c21,10,2023-2025,3067.896499999998,-0.2062144342883072,2.353277171663312,39.22789539227895,1.5795600744984355,803,30,150,14,0.25
034b476b6c21,10,2026,1363.2004999999954,-0.16993683619520306,7.755650179660852,36.36363636363637,3.4399457520033456,43,30,150,14,0.25
aa628cee229a,11,2021-2022,-141.30449999999223,-0.2743755844214344,-0.15290768045409273,36.41975308641975,0.9498221863600225,485,30,150,20,0.05
aa628cee229a,11,2023-2025,3012.4570000000085,-0.2053785958714175,2.2599260077986116,38.90909090909091,1.5380395439003123,825,30,150,20,0.05
aa628cee229a,11,2026,1387.050999999995,-0.1644640434192708,7.854226518000322,36.36363636363637,3.5018626534552744,43,30,150,20,0.05
86a2b45d8bd3,12,2021-2022,-131.2854999999961,-0.26788909336904265,-0.1328046490202086,35.876288659793815,0.9504805217501173,484,30,150,20,0.1
86a2b45d8bd3,12,2023-2025,3076.9600000000028,-0.21024170433053158,2.3024081971468315,38.90243902439025,1.5552952459644998,820,30,150,20,0.1
86a2b45d8bd3,12,2026,1392.6954999999925,-0.1592972441865942,7.894025403107026,36.36363636363637,3.513722155481647,43,30,150,20,0.1
6d29ec88a6f2,13,2021-2022,-104.94649999999592,-0.2642074679908837,-0.08289271256619722,35.908141962421716,0.9546184251498251,478,30,150,20,0.15
6d29ec88a6f2,13,2023-2025,3071.0305000000044,-0.20454934768646282,2.3393176874318575,39.060568603213845,1.5722165433882467,809,30,150,20,0.15
6d29ec88a6f2,13,2026,1384.3084999999946,-0.15848313292472183,7.840200896371344,36.36363636363637,3.4646645527103286,43,30,150,20,0.15
6118eefa9b02,14,2021-2022,-96.65949999999384,-0.2633624725744935,-0.06679170096847116,36.421052631578945,0.9609399542351418,474,30,150,20,0.2
6118eefa9b02,14,2023-2025,3104.4890000000005,-0.20843631310325883,2.35949107549579,39.37888198757764,1.5824928809033538,805,30,150,20,0.2
6118eefa9b02,14,2026,1363.2004999999954,-0.16993683619520306,7.755650179660852,36.36363636363637,3.4399457520033456,43,30,150,20,0.2
a1715e1c957c,15,2021-2022,-47.07049999999617,-0.23576158159560534,0.03045509335157104,37.07627118644068,0.986563518009984,471,30,150,20,0.25
a1715e1c957c,15,2023-2025,3101.870500000001,-0.20535769184743313,2.390598572597353,39.40149625935162,1.5881919406032807,802,30,150,20,0.25
a1715e1c957c,15,2026,1369.2444999999952,-0.16993683619520306,7.7927102028132165,38.63636363636363,3.4805493113234287,43,30,150,20,0.25
2d05e5cb2154,16,2021-2022,-42.208499999997,-0.22586137948449148,0.036423598682007015,36.83083511777302,0.9926840474100653,466,30,200,10,0.05
2d05e5cb2154,16,2023-2025,3031.726499999998,-0.19883761059690352,2.3471852232203942,38.97243107769424,1.5603288879999966,798,30,200,10,0.05
2d05e5cb2154,16,2026,1309.4989999999943,-0.21536471248772293,7.398169299755853,34.78260869565217,3.096807073231034,45,30,200,10,0.05
7c6b44d14b07,17,2021-2022,-78.1829999999934,-0.2380582987884109,-0.03859845716643995,36.965811965811966,0.9782381752983532,467,30,200,10,0.1
7c6b44d14b07,17,2023-2025,3011.203999999998,-0.1971918758723158,2.3375396045066124,38.88888888888889,1.56174456269898,792,30,200,10,0.1
7c6b44d14b07,17,2026,1325.4474999999911,-0.21423103916156427,7.468212689628101,34.78260869565217,3.1318038657934584,45,30,200,10,0.1
c1054d4f520e,18,2021-2022,-59.47999999999297,-0.22876531431372782,-0.0016675123163124655,37.5,0.9855421837556289,463,30,200,10,0.15
c1054d4f520e,18,2023-2025,3051.5905000000103,-0.1973777315296592,2.355888786626227,38.95939086294416,1.5745644134554826,788,30,200,10,0.15
c1054d4f520e,18,2026,1311.6609999999919,-0.21562204650728078,7.415766253597462,34.78260869565217,3.1165214843316553,45,30,200,10,0.15
0f871350c393,19,2021-2022,-30.502999999995154,-0.19568472631482603,0.055533580292049356,37.608695652173914,0.9802390809450711,459,30,200,10,0.2
0f871350c393,19,2023-2025,3006.8825000000033,-0.19463527453191243,2.3322831958358416,39.130434782608695,1.5786521180476816,782,30,200,10,0.2
0f871350c393,19,2026,1315.7474999999922,-0.2117980629766577,7.446699238857343,34.78260869565217,3.124161334524204,45,30,200,10,0.2
daa572d383a4,20,2021-2022,-24.128499999995483,-0.19281199159968332,0.06683071059702954,36.60130718954248,0.9877936013597053,458,30,200,10,0.25
daa572d383a4,20,2023-2025,2981.0805000000073,-0.19652882314719045,2.3240268434700577,38.74680306905371,1.5738844971334955,782,30,200,10,0.25
daa572d383a4,20,2026,1267.6114999999918,-0.20990034155243154,7.275971054597371,34.78260869565217,3.040275852955735,45,30,200,10,0.25
0e82a56753c3,21,2021-2022,-43.40499999999702,-0.22586137948449148,0.03391847312939622,36.83083511777302,0.9924949950813079,466,30,200,14,0.05
0e82a56753c3,21,2023-2025,3009.8044999999966,-0.19894079394724573,2.336358072253345,39.0,1.5546256188166874,800,30,200,14,0.05
0e82a56753c3,21,2026,1309.4989999999943,-0.21536471248772293,7.398169299755853,34.78260869565217,3.096807073231034,45,30,200,14,0.05
0199c139f820,22,2021-2022,-76.04549999999335,-0.23928354214217795,-0.03333486612680157,36.75213675213676,0.9817532660603748,467,30,200,14,0.1
0199c139f820,22,2023-2025,3025.975999999998,-0.196219743818008,2.3523878860217304,39.015151515151516,1.567053042459299,792,30,200,14,0.1
0199c139f820,22,2026,1325.4474999999911,-0.21423103916156427,7.468212689628101,34.78260869565217,3.1318038657934584,45,30,200,14,0.1
de281545d1df,23,2021-2022,-57.95399999999381,-0.23231134740414217,0.002272090511793552,37.33905579399141,0.9861759281131249,465,30,200,14,0.15
de281545d1df,23,2023-2025,3045.3450000000075,-0.19629443705615768,2.359044553732946,39.26302414231258,1.574797806318488,787,30,200,14,0.15
de281545d1df,23,2026,1311.6609999999919,-0.21562204650728078,7.415766253597462,34.78260869565217,3.1165214843316553,45,30,200,14,0.15
3ab2edf5e879,24,2021-2022,-41.80199999999627,-0.2087752773992203,0.03318611359372995,37.391304347826086,0.9835763921794821,459,30,200,14,0.2
3ab2edf5e879,24,2023-2025,3053.143000000008,-0.19793526337217304,2.360401055849679,39.33588761174968,1.579969174141325,783,30,200,14,0.2
3ab2edf5e879,24,2026,1304.9924999999912,-0.21045524727460418,7.405351151760264,34.78260869565217,3.086487389179441,45,30,200,14,0.2
2b00bad8aff9,25,2021-2022,-34.34549999999649,-0.19471559499717284,0.0461600867928171,36.659436008676785,0.9798107148614165,460,30,200,14,0.25
2b00bad8aff9,25,2023-2025,3030.4740000000093,-0.1961321931060711,2.346326417703139,38.79641485275288,1.5833259268553255,781,30,200,14,0.25
2b00bad8aff9,25,2026,1286.8384999999917,-0.20990034155243154,7.344930290934424,34.78260869565217,3.0629078517748334,45,30,200,14,0.25
63f1a9312aac,26,2021-2022,-40.88599999999633,-0.22481987350614852,0.039076742391742615,36.83083511777302,0.9927595480588831,466,30,200,20,0.05
63f1a9312aac,26,2023-2025,3028.2364999999963,-0.1985535209804975,2.3520527296342504,39.04881101376721,1.5623664040327998,799,30,200,20,0.05
63f1a9312aac,26,2026,1309.4989999999943,-0.21536471248772293,7.398169299755853,34.78260869565217,3.096807073231034,45,30,200,20,0.05
e7bacd05c36a,27,2021-2022,-67.0584999999935,-0.2269741205415402,-0.01657254151096428,36.965811965811966,0.9872840884884018,467,30,200,20,0.1
e7bacd05c36a,27,2023-2025,3031.0560000000005,-0.19306212651044385,2.364268949306716,39.19089759797724,1.5708256450290812,791,30,200,20,0.1
e7bacd05c36a,27,2026,1311.6609999999919,-0.21562204650728078,7.415766253597462,34.78260869565217,3.1165214843316553,45,30,200,20,0.1
71520e182435,28,2021-2022,-52.70399999999199,-0.22219105346364298,0.011997409061961242,37.365010799136066,0.9862922707153846,462,30,200,20,0.15
71520e182435,28,2023-2025,3073.3050000000076,-0.1957084129648322,2.386398691799082,39.74522292993631,1.5770597100250534,785,30,200,20,0.15
71520e182435,28,2026,1315.7474999999922,-0.2117980629766577,7.446699238857343,34.78260869565217,3.124161334524204,45,30,200,20,0.15
d34981e4853c,29,2021-2022,-47.88199999999597,-0.21111719202127543,0.0205671676789485,37.254901960784316,0.9854538975995978,458,30,200,20,0.2
d34981e4853c,29,2023-2025,3059.3175000000065,-0.1983765238039774,2.3561852954134324,39.38618925831202,1.575696105677479,782,30,200,20,0.2
d34981e4853c,29,2026,1302.1824999999908,-0.20990034155243154,7.384696356996457,34.78260869565217,3.081288862330245,45,30,200,20,0.2
0e0690f677e6,30,2021-2022,-55.99199999999519,-0.20732011668796935,0.00315287014040287,36.52173913043478,0.9802292185700134,459,30,200,20,0.25
0e0690f677e6,30,2023-2025,3042.6265000000067,-0.19700187989666096,2.3585786807435674,39.23076923076923,1.5821480390140945,780,30,200,20,0.25
0e0690f677e6,30,2026,1292.7834999999923,-0.21862443269546272,7.353853508205429,34.78260869565217,3.077514391780418,45,30,200,20,0.25
41aedbceeca9,31,2021-2022,-0.8279999999945176,-0.21988424284153785,0.12118975409764272,37.41648106904232,1.0143061101315514,448,30,250,10,0.05
41aedbceeca9,31,2023-2025,3273.235500000007,-0.1939255620024155,2.503611650631035,39.588688946015424,1.6187629371178887,778,30,250,10,0.05
41aedbceeca9,31,2026,1324.599999999993,-0.21536471248772293,7.557723623665407,35.55555555555556,3.2078394292477896,44,30,250,10,0.05
190bb4ed50ac,32,2021-2022,-5.120999999994865,-0.20910714060910762,0.11215763985290698,36.74832962138085,1.0111814348545198,448,30,250,10,0.1
190bb4ed50ac,32,2023-2025,3308.0840000000017,-0.19315874212521966,2.5279756711335897,39.588688946015424,1.625170824307797,778,30,250,10,0.1
190bb4ed50ac,32,2026,1339.2489999999907,-0.21536471248772293,7.6456662087895815,37.77777777777778,3.2351716753733575,44,30,250,10,0.1
fb3073d0b2c1,33,2021-2022,8.131500000004507,-0.20267509827984242,0.13951367714098897,37.30337078651685,1.0173688667111545,444,30,250,10,0.15
fb3073d0b2c1,33,2023-2025,3278.764500000012,-0.1908118207636743,2.4955903887918574,39.09677419354839,1.615868285502473,775,30,250,10,0.15
fb3073d0b2c1,33,2026,1292.4629999999925,-0.21536471248772293,7.465816805372689,35.55555555555556,3.1387998779700435,44,30,250,10,0.15
5805d4450cc3,34,2021-2022,26.1290000000065,-0.1882969639689157,0.1761481553111105,37.04545454545455,1.025639913141714,439,30,250,10,0.2
5805d4450cc3,34,2023-2025,3278.96950000001,-0.18865900154349824,2.5057198287847067,38.91050583657588,1.6196751600197574,771,30,250,10,0.2
5805d4450cc3,34,2026,1299.6589999999924,-0.21536471248772293,7.501400874725763,35.55555555555556,3.1688103795810605,44,30,250,10,0.2
a1f01fb77089,35,2021-2022,22.22750000000633,-0.1833494404419247,0.1674078975346678,37.12984054669704,1.0321657518785523,438,30,250,10,0.25
a1f01fb77089,35,2023-2025,3153.314000000005,-0.19086930141008407,2.4297132627671387,38.52140077821012,1.5958424121964876,771,30,250,10,0.25
a1f01fb77089,35,2026,1290.4729999999927,-0.21536471248772293,7.493446313695198,37.77777777777778,3.176010845602627,44,30,250,10,0.25
1620960a2397,36,2021-2022,-5.590499999994336,-0.2212890914175727,0.11131333489162704,37.250554323725055,1.0112447078812634,450,30,250,14,0.05
1620960a2397,36,2023-2025,3242.2510000000066,-0.193916045302999,2.4768175052552337,39.66623876765084,1.6087174890318432,779,30,250,14,0.05
1620960a2397,36,2026,1324.599999999993,-0.21536471248772293,7.557723623665407,35.55555555555556,3.2078394292477896,44,30,250,14,0.05
7762af4c062e,37,2021-2022,-9.496999999995978,-0.20905559362667725,0.1027634156766539,36.830357142857146,1.0096252662808032,447,30,250,14,0.1
7762af4c062e,37,2023-2025,3285.1950000000033,-0.1932677227493974,2.5128999160259755,39.2811296534018,1.6231030638366886,779,30,250,14,0.1
7762af4c062e,37,2026,1339.2489999999907,-0.21536471248772293,7.6456662087895815,37.77777777777778,3.2351716753733575,44,30,250,14,0.1
55530150d1b0,38,2021-2022,5.855500000005804,-0.19491391363556865,0.1346246363325018,36.93693693693694,1.0200217257016215,443,30,250,14,0.15
55530150d1b0,38,2023-2025,3289.3030000000035,-0.18735322992469172,2.5247400073971185,39.276485788113696,1.6204062826500345,774,30,250,14,0.15
55530150d1b0,38,2026,1292.4629999999925,-0.21536471248772293,7.465816805372689,35.55555555555556,3.1387998779700435,44,30,250,14,0.15
2452ed5614fc,39,2021-2022,13.757000000007565,-0.1919409298671887,0.14987052701012787,37.188208616780045,1.0177879613924337,440,30,250,14,0.2
2452ed5614fc,39,2023-2025,3277.987000000012,-0.1885283238890021,2.5124589120247407,38.961038961038966,1.623736374062853,770,30,250,14,0.2
2452ed5614fc,39,2026,1282.4859999999935,-0.21536471248772293,7.439117728163466,35.55555555555556,3.1043476860347865,44,30,250,14,0.2
d8064381f7af,40,2021-2022,34.201000000005706,-0.1911214935242791,0.19327256304870916,37.44292237442922,1.0373951647655937,437,30,250,14,0.25
d8064381f7af,40,2023-2025,3206.6890000000085,-0.18858624596303752,2.449391209427957,38.60103626943005,1.5937039156822848,772,30,250,14,0.25
d8064381f7af,40,2026,1282.4859999999935,-0.21536471248772293,7.439117728163466,35.55555555555556,3.1043476860347865,44,30,250,14,0.25
8b7e650841ce,41,2021-2022,-14.920499999993808,-0.22387889241501246,0.0916576206671843,36.94690265486726,1.0066778635172748,451,30,250,20,0.05
8b7e650841ce,41,2023-2025,3252.8395000000064,-0.1937267377209838,2.4850775005863315,39.717223650385606,1.610277238891288,778,30,250,20,0.05
8b7e650841ce,41,2026,1324.599999999993,-0.21536471248772293,7.557723623665407,35.55555555555556,3.2078394292477896,44,30,250,20,0.05
6dba95ea0a76,42,2021-2022,-12.847499999995534,-0.22083681087970564,0.09518396457725677,36.91275167785235,1.0084721696706191,446,30,250,20,0.1
6dba95ea0a76,42,2023-2025,3290.768000000002,-0.1940595753672718,2.5096375437867526,39.46015424164525,1.6215598520525363,778,30,250,20,0.1
6dba95ea0a76,42,2026,1339.2489999999907,-0.21536471248772293,7.6456662087895815,37.77777777777778,3.2351716753733575,44,30,250,20,0.1
f64da08510c2,43,2021-2022,6.099500000006856,-0.20569983889248533,0.13548374358093157,36.93693693693694,1.0200329243858606,443,30,250,20,0.15
f64da08510c2,43,2023-2025,3304.372000000005,-0.18590042603476864,2.555537080620515,39.248704663212436,1.6312087197074254,772,30,250,20,0.15
f64da08510c2,43,2026,1291.482999999993,-0.21536471248772293,7.462288786923338,35.55555555555556,3.1377676980922735,44,30,250,20,0.15
ed7d2ab48de1,44,2021-2022,34.54300000000558,-0.2016302377756638,0.1949505596380845,37.95454545454545,1.0291257605186754,439,30,250,20,0.2
ed7d2ab48de1,44,2023-2025,3283.6330000000107,-0.191351405450232,2.5102334005077505,39.22077922077922,1.6151910172504689,770,30,250,20,0.2
ed7d2ab48de1,44,2026,1299.6589999999924,-0.21536471248772293,7.501400874725763,35.55555555555556,3.1688103795810605,44,30,250,20,0.2
c32fa19ba8a8,45,2021-2022,19.920000000005757,-0.19186275862470858,0.16278349911487092,37.07093821510298,1.0297443938437594,436,30,250,20,0.25
c32fa19ba8a8,45,2023-2025,3262.1685000000116,-0.1899301071760302,2.4730323312686373,38.85267275097783,1.6108180578112308,767,30,250,20,0.25
c32fa19ba8a8,45,2026,1275.1729999999934,-0.21536471248772293,7.412716002275378,35.55555555555556,3.0967017273608755,44,30,250,20,0.25
e5da30c2a378,46,2021-2022,55.46650000000409,-0.18408129315517863,0.23888488318309878,38.106235565819865,1.0411464281752456,432,30,300,10,0.05
e5da30c2a378,46,2023-2025,3201.5495000000055,-0.1875926355303691,2.5088849512172136,39.13612565445026,1.6202344787203737,764,30,300,10,0.05
e5da30c2a378,46,2026,1281.9529999999904,-0.21536471248772293,7.620285783116095,36.36363636363637,3.1895063143087943,43,30,300,10,0.05
6650736e4282,47,2021-2022,55.64950000000454,-0.18684261619236886,0.23935474089070083,37.644341801385686,1.047823941729209,432,30,300,10,0.1
6650736e4282,47,2023-2025,3250.0585000000065,-0.18551807705672385,2.5258229857618346,38.84514435695538,1.6264285157039056,762,30,300,10,0.1
6650736e4282,47,2026,1308.1059999999907,-0.21536471248772293,7.727094756657849,36.36363636363637,3.2222245422773494,43,30,300,10,0.1
af93ec82bb60,48,2021-2022,56.89150000000541,-0.20259224287246103,0.24201379768292203,36.80555555555556,1.0478215625379272,431,30,300,10,0.15
af93ec82bb60,48,2023-2025,3329.020000000005,-0.18098568878319055,2.5896629020869413,39.233817701453106,1.6506829053382865,757,30,300,10,0.15
af93ec82bb60,48,2026,1295.8059999999914,-0.21536471248772293,7.682998492776411,36.36363636363637,3.2090423300310618,43,30,300,10,0.15
d2b10b7d1164,49,2021-2022,58.254500000006374,-0.1922653584966374,0.2449335413597889,36.11111111111111,1.046004501220348,431,30,300,10,0.2
d2b10b7d1164,49,2023-2025,3343.6705000000065,-0.181448797278014,2.581393896173889,39.55026455026455,1.647753441913554,756,30,300,10,0.2
d2b10b7d1164,49,2026,1282.1359999999895,-0.21536471248772293,7.6304483250484845,36.36363636363637,3.1974233810713986,43,30,300,10,0.2
5f51870e81e9,50,2021-2022,84.70950000000448,-0.19270119155419352,0.3016538086888403,35.81395348837209,1.0595458198370828,429,30,300,10,0.25
5f51870e81e9,50,2023-2025,3273.1435000000074,-0.17121028230011892,2.5646399555879427,39.257294429708224,1.646343872643502,754,30,300,10,0.25
5f51870e81e9,50,2026,1260.1159999999927,-0.21536471248772293,7.540600759048597,36.36363636363637,3.0802476143510455,43,30,300,10,0.25
9249d3e9c037,51,2021-2022,59.13750000000391,-0.18347309222950503,0.24684676546321282,38.33718244803695,1.042970968399286,432,30,300,14,0.05
9249d3e9c037,51,2023-2025,3209.4815000000044,-0.18702298886823876,2.5195512087324676,39.13612565445026,1.6246170325841183,764,30,300,14,0.05
9249d3e9c037,51,2026,1281.9529999999904,-0.21536471248772293,7.620285783116095,36.36363636363637,3.1895063143087943,43,30,300,14,0.05
425a0932b463,52,2021-2022,58.80150000000549,-0.18374349295788606,0.24621174508984228,37.41339491916859,1.0494473575521488,432,30,300,14,0.1
425a0932b463,52,2023-2025,3220.3080000000064,-0.18536986690798207,2.511208760079312,38.92529488859764,1.6165157194215998,763,30,300,14,0.1
425a0932b463,52,2026,1308.1059999999907,-0.21536471248772293,7.727094756657849,36.36363636363637,3.2222245422773494,43,30,300,14,0.1
ba7a9a87832a,53,2021-2022,58.054500000006556,-0.1989313542619977,0.24455709038046902,37.03703703703704,1.046605049178538,431,30,300,14,0.15
ba7a9a87832a,53,2023-2025,3348.380000000009,-0.18085367383592055,2.594430637302247,39.285714285714285,1.656544628809547,756,30,300,14,0.15
ba7a9a87832a,53,2026,1295.8059999999914,-0.21536471248772293,7.682998492776411,36.36363636363637,3.2090423300310618,43,30,300,14,0.15
821bdca5b42d,54,2021-2022,63.957000000006246,-0.19447459515151044,0.25734644766925585,36.19489559164733,1.0510416269559508,430,30,300,14,0.2
821bdca5b42d,54,2023-2025,3351.1705000000084,-0.1843780896729339,2.59148524284087,39.33774834437086,1.649135614261294,755,30,300,14,0.2
821bdca5b42d,54,2026,1281.15599999999,-0.21536471248772293,7.626794429793725,36.36363636363637,3.1963645571071453,43,30,300,14,0.2
8b6e61cf7501,55,2021-2022,61.88350000000469,-0.19551345733543102,0.25285703377900537,36.13053613053613,1.0470028684277144,428,30,300,14,0.25
8b6e61cf7501,55,2023-2025,3331.4550000000054,-0.18513052128655216,2.582855346655103,39.7078353253652,1.657199313847945,753,30,300,14,0.25
8b6e61cf7501,55,2026,1244.8559999999907,-0.21536471248772293,7.477283606728439,36.36363636363637,3.0616319981321394,43,30,300,14,0.25
411251c6d47a,56,2021-2022,54.27450000000363,-0.18558695606815434,0.23630150937498492,37.644341801385686,1.0419147620651035,432,30,300,20,0.05
411251c6d47a,56,2023-2025,3214.658500000004,-0.18574627505309937,2.5221490314431656,39.05635648754915,1.6269102640825115,763,30,300,20,0.05
411251c6d47a,56,2026,1281.9529999999904,-0.21536471248772293,7.620285783116095,36.36363636363637,3.1895063143087943,43,30,300,20,0.05
585bcaa3e41f,57,2021-2022,57.192500000004884,-0.18396438426307682,0.2426614442154057,37.26851851851852,1.0483643312611193,431,30,300,20,0.1
585bcaa3e41f,57,2023-2025,3254.4730000000072,-0.18345778112973476,2.546671704566069,39.23884514435695,1.6315430106794326,762,30,300,20,0.1
585bcaa3e41f,57,2026,1295.8059999999914,-0.21536471248772293,7.682998492776411,36.36363636363637,3.2090423300310618,43,30,300,20,0.1
96e171f84ee7,58,2021-2022,58.30450000000451,-0.1908473856748647,0.2451361156790663,36.89095127610209,1.045658947265171,430,30,300,20,0.15
96e171f84ee7,58,2023-2025,3308.824000000005,-0.18603865545497988,2.5560858034801246,39.365918097754296,1.6378290896608039,757,30,300,20,0.15
96e171f84ee7,58,2026,1295.8059999999914,-0.21536471248772293,7.682998492776411,36.36363636363637,3.2090423300310618,43,30,300,20,0.15
7fad7c8657e8,59,2021-2022,55.787500000006276,-0.19715404122158786,0.23961009857582924,36.342592592592595,1.04954830952379,431,30,300,20,0.2
7fad7c8657e8,59,2023-2025,3352.4800000000077,-0.18338478888939647,2.593659697440391,39.44223107569721,1.6556607211818606,753,30,300,20,0.2
7fad7c8657e8,59,2026,1244.8559999999907,-0.21536471248772293,7.477283606728439,36.36363636363637,3.0616319981321394,43,30,300,20,0.2
58b83d7666ab,60,2021-2022,79.37400000000548,-0.18474279586522724,0.2911275027792371,36.5967365967366,1.0588218877312043,428,30,300,20,0.25
58b83d7666ab,60,2023-2025,3306.89650000001,-0.18668226564156243,2.5691802100908676,39.494680851063826,1.6478006882240086,752,30,300,20,0.25
58b83d7666ab,60,2026,1290.54899999999,-0.21536471248772293,7.697570837010077,37.2093023255814,3.247971144179281,42,30,300,20,0.25
293d6843d276,61,2021-2022,-60.1894999999995,-0.24781504818930344,0.0020116068116557938,36.36363636363637,0.9673036582441532,472,40,150,10,0.05
293d6843d276,61,2023-2025,3091.293000000004,-0.21053620690287433,2.359572509741784,39.24528301886793,1.5870801275629844,795,40,150,10,0.05
293d6843d276,61,2026,1293.390499999994,-0.20135965938333933,7.395646153693369,34.090909090909086,3.226419631475154,43,40,150,10,0.05
d904fb594174,62,2021-2022,-47.32799999999975,-0.2416524769665056,0.027519314988032072,37.04496788008566,0.9809844057672957,466,40,150,10,0.1
d904fb594174,62,2023-2025,3034.0090000000055,-0.21623874796470488,2.294424427565639,39.37106918238994,1.5627757921392398,795,40,150,10,0.1
d904fb594174,62,2026,1284.3404999999948,-0.20135965938333933,7.34889979263223,34.090909090909086,3.1779118110876308,43,40,150,10,0.1
8d9169722b46,63,2021-2022,-52.85549999999944,-0.24230145309735152,0.013810329044967836,36.05150214592275,0.980613913828075,465,40,150,10,0.15
8d9169722b46,63,2023-2025,3047.295500000004,-0.20868593266608793,2.337050914267092,39.722572509457756,1.5821578697432817,793,40,150,10,0.15
8d9169722b46,63,2026,1282.707499999995,-0.20332475553268525,7.338640450184316,34.090909090909086,3.1594558492269122,43,40,150,10,0.15
de1d93751fbe,64,2021-2022,-43.23549999999864,-0.22773510769270067,0.031552590072565,36.79653679653679,0.9884789878447765,461,40,150,10,0.2
de1d93751fbe,64,2023-2025,2953.8425000000043,-0.20832741263143817,2.290056091436066,39.66836734693878,1.5755635735712354,784,40,150,10,0.2
de1d93751fbe,64,2026,1277.1104999999916,-0.20332475553268525,7.304870188340374,34.090909090909086,3.1938161817424606,43,40,150,10,0.2
c2e0ffaaf6c6,65,2021-2022,-101.81549999999675,-0.24441345036192264,-0.09387973821694742,35.294117647058826,0.9642031658630597,458,40,150,10,0.25
c2e0ffaaf6c6,65,2023-2025,2849.948500000003,-0.2040441265979016,2.2061911949144215,39.25831202046036,1.5372886858032937,782,40,150,10,0.25
c2e0ffaaf6c6,65,2026,1292.5974999999944,-0.20332475553268525,7.431350621528079,36.36363636363637,3.2914534798988555,43,40,150,10,0.25
ff5199e47237,66,2021-2022,-51.857999999999265,-0.24238742646820466,0.0185616148016758,36.57505285412262,0.9698935102347093,472,40,150,14,0.05
ff5199e47237,66,2023-2025,3102.2460000000046,-0.2087861650083378,2.3698680373287977,39.37106918238994,1.5899240273147135,795,40,150,14,0.05
ff5199e47237,66,2026,1293.390499999994,-0.20135965938333933,7.395646153693369,34.090909090909086,3.226419631475154,43,40,150,14,0.05
975ab0e24d8a,67,2021-2022,-47.71450000000095,-0.24028574600813424,0.026234691369899737,37.25910064239829,0.9805737220525851,466,40,150,14,0.1
975ab0e24d8a,67,2023-2025,3062.423999999998,-0.21206069239501657,2.3136678484004936,39.79848866498741,1.5720503907800625,794,40,150,14,0.1
975ab0e24d8a,67,2026,1284.3404999999948,-0.20135965938333933,7.34889979263223,34.090909090909086,3.1779118110876308,43,40,150,14,0.1
4c88ccab141b,68,2021-2022,-62.327000000000226,-0.24552422631335558,-0.0032180748915055716,36.48068669527897,0.974766741933919,465,40,150,14,0.15
4c88ccab141b,68,2023-2025,3044.412000000004,-0.2055175649970884,2.3395548157498554,39.79721166032953,1.580892148137836,789,40,150,14,0.15
4c88ccab141b,68,2026,1282.0944999999938,-0.20332475553268525,7.335635982973072,34.090909090909086,3.155552596644385,43,40,150,14,0.15
43161577905b,69,2021-2022,-18.330499999998892,-0.22421756863377063,0.08478365982877115,35.913978494623656,0.9938796594282695,464,40,150,14,0.2
43161577905b,69,2023-2025,2981.7555000000057,-0.2100319186378179,2.3107699145677283,39.59131545338442,1.5764913861598129,783,40,150,14,0.2
43161577905b,69,2026,1279.7804999999917,-0.20332475553268525,7.321893753991696,34.090909090909086,3.2113173105692,43,40,150,14,0.2
73b7ad6f2f51,70,2021-2022,-102.16149999999698,-0.23458595715873132,-0.0955832254535747,35.57483731019523,0.9633551661020493,460,40,150,14,0.25
73b7ad6f2f51,70,2023-2025,2864.310500000006,-0.21016081446311174,2.216060167463038,38.58974358974359,1.5470260792495725,780,40,150,14,0.25
73b7ad6f2f51,70,2026,1302.033499999994,-0.20332475553268525,7.483372737038572,36.36363636363637,3.3329642424059602,43,40,150,14,0.25
ff4df983876e,71,2021-2022,-50.45299999999861,-0.2404203557430704,0.021113095826972617,36.99788583509514,0.970395606080731,472,40,150,20,0.05
ff4df983876e,71,2023-2025,3077.6070000000054,-0.20894699159750485,2.3573038094057663,39.37106918238994,1.5849720114195558,795,40,150,20,0.05
ff4df983876e,71,2026,1293.390499999994,-0.20135965938333933,7.395646153693369,34.090909090909086,3.226419631475154,43,40,150,20,0.05
c91a19e16439,72,2021-2022,-51.91350000000216,-0.2437600527434367,0.018139627221776488,36.61670235546038,0.9790296670759703,466,40,150,20,0.1
c91a19e16439,72,2023-2025,3062.890999999997,-0.21588068030126284,2.311087334537786,39.62264150943396,1.5720323067470545,795,40,150,20,0.1
c91a19e16439,72,2026,1283.5434999999961,-0.20135965938333933,7.344731056323536,34.090909090909086,3.1727639483442536,43,40,150,20,0.1
49815d78fae8,73,2021-2022,-61.42399999999884,-0.24014180202150548,-0.002158789710272154,36.12903225806451,0.9759279112760542,464,40,150,20,0.15
49815d78fae8,73,2023-2025,2975.503000000009,-0.21473231896261535,2.282092647858382,39.443742098609356,1.5613121115603603,791,40,150,20,0.15
49815d78fae8,73,2026,1282.0944999999938,-0.20332475553268525,7.335635982973072,34.090909090909086,3.155552596644385,43,40,150,20,0.15
ebff8517d539,74,2021-2022,-74.01849999999922,-0.24956153580864582,-0.029902622487469395,35.775862068965516,0.9706120779815212,463,40,150,20,0.2
ebff8517d539,74,2023-2025,3032.4410000000034,-0.20664262929760524,2.338628138466453,39.44020356234097,1.5868193233212438,786,40,150,20,0.2
ebff8517d539,74,2026,1272.567499999992,-0.20332475553268525,7.3206218476385025,34.090909090909086,3.1741481370873017,43,40,150,20,0.2
1c3bb93917e3,75,2021-2022,-83.21749999999497,-0.23720249529111415,-0.05521848264346415,35.791757049891544,0.9664901805960917,460,40,150,20,0.25
1c3bb93917e3,75,2023-2025,2939.074000000005,-0.20764223243826951,2.2805320824516175,39.175257731958766,1.5648106585335952,776,40,150,20,0.25
1c3bb93917e3,75,2026,1294.243499999995,-0.20332475553268525,7.4354568737560705,36.36363636363637,3.3841363834639524,43,40,150,20,0.25
cb2cd0046e93,76,2021-2022,-118.50249999999824,-0.23009947775174833,-0.13371495271853986,35.74561403508772,0.9618595830970693,455,40,200,10,0.05
cb2cd0046e93,76,2023-2025,3088.2605000000012,-0.18876391317467733,2.3860828418515356,38.86743886743887,1.5796784628135392,777,40,200,10,0.05
cb2cd0046e93,76,2026,1270.7974999999915,-0.22109483928321305,7.311295500782731,36.95652173913043,3.083308467254188,45,40,200,10,0.05
5f0c7d2d5512,77,2021-2022,-103.48100000000068,-0.21416794414554885,-0.10359828785000838,36.14190687361419,0.9631763273990631,450,40,200,10,0.1
5f0c7d2d5512,77,2023-2025,3028.3425000000025,-0.19214689078960734,2.360310745129162,39.16990920881972,1.5863517843694508,771,40,200,10,0.1
5f0c7d2d5512,77,2026,1248.3104999999923,-0.22109483928321305,7.2375769977033135,36.95652173913043,3.058581826462854,45,40,200,10,0.1
49af905e3e62,78,2021-2022,-86.24299999999812,-0.2134694866347705,-0.06745139373149074,36.017897091722595,0.9754860845108961,446,40,200,10,0.15
49af905e3e62,78,2023-2025,2951.383000000008,-0.19641523823746188,2.318441271448711,39.0402075226978,1.5734875926693848,771,40,200,10,0.15
49af905e3e62,78,2026,1206.5304999999917,-0.2525176624713493,6.971120004127093,32.608695652173914,2.9265044363213977,45,40,200,10,0.15
9345bab0b1a4,79,2021-2022,-78.09599999999682,-0.22485893402410584,-0.05765929369268042,36.734693877551024,0.9690500671971938,440,40,200,10,0.2
9345bab0b1a4,79,2023-2025,2898.16300000001,-0.19167053630920738,2.2952758830272475,39.32291666666667,1.5633142805486453,768,40,200,10,0.2
9345bab0b1a4,79,2026,1195.9674999999916,-0.2525176624713493,6.936177569217734,32.608695652173914,2.929926950300545,45,40,200,10,0.2
1a4cd78ec643,80,2021-2022,-64.71849999999654,-0.21932568604317215,-0.029206098838616353,36.281179138321995,0.972762533149756,440,40,200,10,0.25
1a4cd78ec643,80,2023-2025,2941.337500000007,-0.19275510217747693,2.318390595911129,39.21052631578947,1.5761567402108139,760,40,200,10,0.25
1a4cd78ec643,80,2026,1201.9674999999934,-0.25448275862069525,6.957838904904841,33.33333333333333,2.9160766490719254,44,40,200,10,0.25
f9356b987076,81,2021-2022,-127.83049999999866,-0.23252814765433738,-0.15256872090339382,35.74561403508772,0.9579412541431124,455,40,200,14,0.05
f9356b987076,81,2023-2025,3107.359000000002,-0.1873051942370254,2.420926638102507,38.83870967741935,1.590226227709184,775,40,200,14,0.05
f9356b987076,81,2026,1270.7974999999915,-0.22109483928321305,7.311295500782731,36.95652173913043,3.083308467254188,45,40,200,14,0.05
1ad68eaca0be,82,2021-2022,-115.28000000000065,-0.21753728544142192,-0.1298660285332875,36.22222222222222,0.9596879449212462,449,40,200,14,0.1
1ad68eaca0be,82,2023-2025,3035.105500000006,-0.18970513061258842,2.38850602878111,39.16990920881972,1.5934204286976519,771,40,200,14,0.1
1ad68eaca0be,82,2026,1240.1104999999934,-0.22109483928321305,7.212226229839372,34.78260869565217,3.031297433316237,45,40,200,14,0.1
9b58360ab071,83,2021-2022,-71.69749999999658,-0.20901767982704333,-0.03672015786362698,36.241610738255034,0.9828034648075793,446,40,200,14,0.15
9b58360ab071,83,2023-2025,3029.03650000001,-0.19435756660597658,2.3581725550462536,39.350649350649356,1.5903512213447837,770,40,200,14,0.15
9b58360ab071,83,2026,1206.5304999999917,-0.2525176624713493,6.971120004127093,32.608695652173914,2.9265044363213977,45,40,200,14,0.15
16bfd1b6bad2,84,2021-2022,-98.47599999999738,-0.23114751928175836,-0.10006533335433448,36.507936507936506,0.9664586744842942,440,40,200,14,0.2
16bfd1b6bad2,84,2023-2025,2913.5370000000057,-0.19558892280983586,2.2947662640420767,39.24380704041721,1.5556404939977349,767,40,200,14,0.2
16bfd1b6bad2,84,2026,1196.2474999999904,-0.2525176624713493,6.9376311522200504,32.608695652173914,2.9302132635595988,45,40,200,14,0.2
e65530327326,85,2021-2022,-71.13649999999734,-0.22664629532744607,-0.04490937634674885,36.425339366515836,0.9709190703089738,441,40,200,14,0.25
e65530327326,85,2023-2025,2936.665000000001,-0.1934425549675498,2.309244903289665,39.52569169960474,1.5742517459401022,759,40,200,14,0.25
e65530327326,85,2026,1204.067499999992,-0.2525176624713493,6.971231794984427,33.33333333333333,2.9303236696668544,44,40,200,14,0.25
d3ef46917224,86,2021-2022,-114.87949999999773,-0.22758941955937695,-0.12587736908019967,35.74561403508772,0.9634334930774467,455,40,200,20,0.05
d3ef46917224,86,2023-2025,3098.625000000002,-0.18692562043342664,2.4164436039593116,38.83870967741935,1.5888527115521396,775,40,200,20,0.05
d3ef46917224,86,2026,1255.9704999999922,-0.22109483928321305,7.260639828246861,36.95652173913043,3.0679363057400324,45,40,200,20,0.05
a655418ec2e0,87,2021-2022,-105.24249999999984,-0.22378088860888412,-0.10741607902642086,36.30289532293987,0.9635960243492777,448,40,200,20,0.1
a655418ec2e0,87,2023-2025,3049.683000000008,-0.1882971910845036,2.4063952107605404,39.32729624838293,1.5914677489745377,773,40,200,20,0.1
a655418ec2e0,87,2026,1240.1104999999934,-0.22109483928321305,7.212226229839372,34.78260869565217,3.031297433316237,45,40,200,20,0.1
38fbfdae5625,88,2021-2022,-89.270999999997,-0.217149083720376,-0.073203697120301,36.607142857142854,0.9723658591586292,447,40,200,20,0.15
38fbfdae5625,88,2023-2025,3024.1915000000026,-0.19128795726123338,2.3709187666384217,39.453125,1.5928909747847757,768,40,200,20,0.15
38fbfdae5625,88,2026,1214.0604999999905,-0.2525176624713493,7.003996316634049,32.608695652173914,2.9514157933852907,45,40,200,20,0.15
eaeba4ea4ed7,89,2021-2022,-97.62849999999798,-0.22529121441041178,-0.096837745495564,35.97285067873303,0.9699452631532367,441,40,200,20,0.2
eaeba4ea4ed7,89,2023-2025,2970.9980000000032,-0.1973363663095854,2.325399548268387,39.63494132985658,1.570504442402039,767,40,200,20,0.2
eaeba4ea4ed7,89,2026,1196.2474999999904,-0.2525176624713493,6.9376311522200504,32.608695652173914,2.9302132635595988,45,40,200,20,0.2
e4d2f288b554,90,2021-2022,-68.68049999999494,-0.21899861227454642,-0.036346800438132036,35.99088838268793,0.9763590842865096,438,40,200,20,0.25
e4d2f288b554,90,2023-2025,2998.8765000000058,-0.19823841844012702,2.3385978860607612,39.49801849405548,1.5843382772012296,757,40,200,20,0.25
e4d2f288b554,90,2026,1214.077499999994,-0.25448275862069525,7.002732365819018,33.33333333333333,2.928352927038205,44,40,200,20,0.25
070b623abd48,91,2021-2022,-14.712499999993952,-0.2020145459554732,0.08332855513582996,36.321839080459775,1.009805740826793,434,40,250,10,0.05
070b623abd48,91,2023-2025,3200.1580000000067,-0.19174535435871298,2.460651713353432,38.61256544502618,1.5994115945626393,764,40,250,10,0.05
070b623abd48,91,2026,1161.2359999999935,-0.21536471248772293,6.971719490428752,35.55555555555556,2.7725843511201242,44,40,250,10,0.05
72ec8f52be59,92,2021-2022,-16.290999999993574,-0.19238916155110009,0.08151486627419466,36.00917431192661,1.0129197774326686,435,40,250,10,0.1
72ec8f52be59,92,2023-2025,3199.7730000000047,-0.18769309527529732,2.4570613174922316,38.866930171278,1.6051245966778067,759,40,250,10,0.1
72ec8f52be59,92,2026,1155.6559999999936,-0.21536471248772293,6.959801460327336,35.55555555555556,2.7563556435375225,44,40,250,10,0.1
1d1e3da905e2,93,2021-2022,20.729500000008784,-0.19043542522736745,0.16186259068685158,36.19489559164733,1.0281652766854463,430,40,250,10,0.15
1d1e3da905e2,93,2023-2025,3150.725999999994,-0.18503075325505536,2.4369833006007124,39.0728476821192,1.5915234038267116,755,40,250,10,0.15
1d1e3da905e2,93,2026,1172.127499999995,-0.21423103916156427,7.033028921766712,35.55555555555556,2.77577175765457,44,40,250,10,0.15
040f0bd49420,94,2021-2022,40.387000000003354,-0.18192262683087612,0.20536141606922398,36.470588235294116,1.0377541464705884,424,40,250,10,0.2
040f0bd49420,94,2023-2025,3128.1744999999983,-0.17950027023656445,2.422640329017912,39.09574468085106,1.5900836173992745,752,40,250,10,0.2
040f0bd49420,94,2026,1215.4179999999933,-0.21562204650728078,7.23073871379911,35.55555555555556,2.90950853208178,44,40,250,10,0.2
b15dd222f2bb,95,2021-2022,54.494500000000926,-0.1838527826710048,0.23705717937651688,37.32394366197183,1.0370636645217237,425,40,250,10,0.25
b15dd222f2bb,95,2023-2025,3157.2229999999972,-0.1618007174380085,2.5075957585808264,39.33333333333333,1.6204389775941948,750,40,250,10,0.25
b15dd222f2bb,95,2026,1214.4924999999948,-0.21045524727460418,7.256953782926449,35.55555555555556,2.865011390100974,44,40,250,10,0.25
1dbaa563e66d,96,2021-2022,-6.929999999993015,-0.2000157255701982,0.10064262505851262,36.0919540229885,1.0136495468054079,434,40,250,14,0.05
1dbaa563e66d,96,2023-2025,3205.2650000000067,-0.1878808869272297,2.471972453208837,38.53211009174312,1.6070704594867706,763,40,250,14,0.05
1dbaa563e66d,96,2026,1177.0259999999944,-0.21536471248772293,7.034415805787447,35.55555555555556,2.7906295151176495,44,40,250,14,0.05
c3d5dc8f9d86,97,2021-2022,-34.4134999999942,-0.19883983171855257,0.041492844659253264,35.86206896551724,0.9999547929979227,434,40,250,14,0.1
c3d5dc8f9d86,97,2023-2025,3194.857000000002,-0.18654180856589198,2.462531329336095,38.91820580474934,1.6073724909662435,758,40,250,14,0.1
c3d5dc8f9d86,97,2026,1156.867499999993,-0.21423103916156427,6.969335693178854,35.55555555555556,2.758399380806974,44,40,250,14,0.1
e835cd751b73,98,2021-2022,21.433000000006587,-0.18819156039418017,0.16347049542597905,36.04651162790697,1.0289155668307965,429,40,250,14,0.15
e835cd751b73,98,2023-2025,3232.654999999996,-0.18475815866694045,2.4918434644769953,39.57503320053121,1.6153485424901552,753,40,250,14,0.15
e835cd751b73,98,2026,1170.920999999994,-0.21562204650728078,7.023763701808945,35.55555555555556,2.7735357855216694,44,40,250,14,0.15
c17de60effc4,99,2021-2022,57.21200000000317,-0.18132314204250577,0.2432009560996188,36.705882352941174,1.0466340671283596,424,40,250,14,0.2
c17de60effc4,99,2023-2025,3171.910999999999,-0.18197240372251355,2.4598275509486918,39.280958721704394,1.5992199173580994,751,40,250,14,0.2
c17de60effc4,99,2026,1175.0074999999943,-0.2117980629766577,7.0552234174097554,35.55555555555556,2.7804467746577473,44,40,250,14,0.2
2dbc4ec49870,100,2021-2022,37.17100000000232,-0.1855709119452762,0.19823024073037848,37.028301886792455,1.0336001120530518,423,40,250,14,0.25
2dbc4ec49870,100,2023-2025,3122.6699999999946,-0.16408321483713284,2.467224664162134,39.38584779706275,1.6100410326415697,749,40,250,14,0.25
2dbc4ec49870,100,2026,1237.8794999999936,-0.21045524727460418,7.341439420096793,35.55555555555556,2.9388173792958767,44,40,250,14,0.25
63431a0e68a6,101,2021-2022,-13.015999999993028,-0.20248536988518417,0.0881669657659473,35.63218390804598,1.0113435567528581,434,40,250,20,0.05
63431a0e68a6,101,2023-2025,3198.151000000007,-0.1878808869272297,2.465376856526518,38.53211009174312,1.605284880276698,763,40,250,20,0.05
63431a0e68a6,101,2026,1177.0259999999944,-0.21536471248772293,7.034415805787447,35.55555555555556,2.7906295151176495,44,40,250,20,0.05
39e285e6548e,102,2021-2022,-45.39849999999569,-0.20237668131824593,0.01844915957373706,35.86206896551724,0.9948994617658096,434,40,250,20,0.1
39e285e6548e,102,2023-2025,3192.411,-0.1859900482815311,2.4612572558182904,39.050131926121374,1.607479162566891,758,40,250,20,0.1
39e285e6548e,102,2026,1156.867499999993,-0.21423103916156427,6.969335693178854,35.55555555555556,2.758399380806974,44,40,250,20,0.1
ffa3363a3089,103,2021-2022,5.4460000000065065,-0.18570782053111023,0.12781056041017078,36.19489559164733,1.0190977519677231,430,40,250,20,0.15
ffa3363a3089,103,2023-2025,3225.858999999994,-0.18319745005897137,2.4844809408413604,39.57503320053121,1.61533960181464,753,40,250,20,0.15
ffa3363a3089,103,2026,1155.6609999999919,-0.21562204650728078,6.960096434295971,35.55555555555556,2.7561659094818194,44,40,250,20,0.15
1a5a0e8d2260,104,2021-2022,61.406500000004144,-0.17989156158153752,0.25275950042675616,36.85446009389671,1.0494598293984585,425,40,250,20,0.2
1a5a0e8d2260,104,2023-2025,3186.8184999999985,-0.18246148479201163,2.472198551120234,39.46666666666667,1.6032098041098848,750,40,250,20,0.2
1a5a0e8d2260,104,2026,1175.702499999994,-0.21045524727460418,7.060772339287362,35.55555555555556,2.7816274522904516,44,40,250,20,0.2
4cb91c1e2fb1,105,2021-2022,55.92400000000316,-0.18258218670181936,0.2401648667594602,37.32394366197183,1.042280295552642,425,40,250,20,0.25
4cb91c1e2fb1,105,2023-2025,3211.448499999997,-0.1676651314126173,2.4935627426159757,39.08969210174029,1.6127516030040043,747,40,250,20,0.25
4cb91c1e2fb1,105,2026,1247.1794999999938,-0.20990034155243154,7.366171824353282,35.55555555555556,2.945834331813191,44,40,250,20,0.25
b47e24a2aaff,106,2021-2022,159.31050000000278,-0.16753311853759956,0.4650773596882276,36.904761904761905,1.0961538976865717,419,40,300,10,0.05
b47e24a2aaff,106,2023-2025,3252.964000000007,-0.16330883328261725,2.581016138680227,39.16554508748318,1.6565625590736022,743,40,300,10,0.05
b47e24a2aaff,106,2026,1265.9759999999915,-0.21536471248772293,7.61015889806968,37.2093023255814,3.2178826268959195,42,40,300,10,0.05
fdd535421802,107,2021-2022,113.19300000000271,-0.17795096933569432,0.3641426962573949,37.142857142857146,1.067793756599933,419,40,300,10,0.1
fdd535421802,107,2023-2025,3252.490000000006,-0.16789041331219745,2.574888143817732,39.32432432432432,1.6476482046995737,740,40,300,10,0.1
fdd535421802,107,2026,1191.0959999999905,-0.21536471248772293,7.3047660638134655,37.2093023255814,3.1193517720130965,42,40,300,10,0.1
c0b8a9df2730,108,2021-2022,146.1585000000025,-0.17184408918355176,0.43769855119238,38.22115384615385,1.0965264670967139,415,40,300,10,0.15
c0b8a9df2730,108,2023-2025,3243.3099999999986,-0.16560713864538723,2.5769597419139614,39.783491204330176,1.6598392137275308,739,40,300,10,0.15
c0b8a9df2730,108,2026,1206.8459999999905,-0.21536471248772293,7.38594689574115,37.2093023255814,3.1428999488019573,42,40,300,10,0.15
a45a28d6b20c,109,2021-2022,117.60000000000173,-0.19886305312341812,0.37390390123820766,37.68115942028986,1.0807745103448025,413,40,300,10,0.2
a45a28d6b20c,109,2023-2025,3278.4074999999984,-0.16140593474805798,2.640900580516219,39.83739837398374,1.6806596117600465,738,40,300,10,0.2
a45a28d6b20c,109,2026,1206.8459999999905,-0.21536471248772293,7.38594689574115,37.2093023255814,3.1428999488019573,42,40,300,10,0.2
d9f902a11b4c,110,2021-2022,60.098000000003594,-0.19624296325969115,0.24912594962680853,37.530266343825666,1.0474151837997128,412,40,300,10,0.25
d9f902a11b4c,110,2023-2025,3292.7959999999975,-0.168468126797509,2.664522779965998,40.54421768707483,1.6910215204997476,735,40,300,10,0.25
d9f902a11b4c,110,2026,1160.0789999999906,-0.21536471248772293,7.190722715347897,37.2093023255814,3.081164210537539,42,40,300,10,0.25
1257a24b4748,111,2021-2022,157.05050000000256,-0.1658716455473921,0.4601366170442633,37.142857142857146,1.0950545969553793,419,40,300,14,0.05
1257a24b4748,111,2023-2025,3276.7050000000063,-0.16330883328261725,2.590083594229134,39.083557951482476,1.6583436025582978,742,40,300,14,0.05
1257a24b4748,111,2026,1265.9759999999915,-0.21536471248772293,7.61015889806968,37.2093023255814,3.2178826268959195,42,40,300,14,0.05
67a8358e5438,112,2021-2022,130.11100000000283,-0.1763296730028754,0.4014100327410546,37.47016706443914,1.0791634097319294,418,40,300,14,0.1
67a8358e5438,112,2023-2025,3234.3310000000065,-0.16408994010760303,2.55902440300871,39.106901217861974,1.643016596738395,739,40,300,14,0.1
67a8358e5438,112,2026,1176.2689999999911,-0.21536471248772293,7.250059102767304,37.2093023255814,3.1025123815254814,42,40,300,14,0.1
457b209186d4,113,2021-2022,147.18050000000176,-0.18063117497702286,0.4387855045585086,37.88968824940048,1.094251172579491,416,40,300,14,0.15
457b209186d4,113,2023-2025,3276.8470000000043,-0.16823768645166814,2.5910960299227765,39.918809201623816,1.6556166625849906,739,40,300,14,0.15
457b209186d4,113,2026,1177.0289999999914,-0.21536471248772293,7.2534245314901105,37.2093023255814,3.1035216796298672,42,40,300,14,0.15
1c87cf4ef2c2,114,2021-2022,117.56000000000222,-0.1894323569612706,0.3746306504646212,37.5,1.0795565111434346,415,40,300,14,0.2
1c87cf4ef2c2,114,2023-2025,3266.476499999998,-0.16424467285264377,2.6263716846623972,39.918809201623816,1.673515867666897,739,40,300,14,0.2
1c87cf4ef2c2,114,2026,1207.1259999999893,-0.21536471248772293,7.387565308684454,37.2093023255814,3.1432139789065676,42,40,300,14,0.2
0519e6e68b41,115,2021-2022,72.50050000000374,-0.19543549774883429,0.2761695811057016,37.71289537712895,1.0539155480201188,410,40,300,14,0.25
0519e6e68b41,115,2023-2025,3279.8854999999994,-0.17021074160310323,2.6345627912688716,40.027137042062414,1.678042249532507,737,40,300,14,0.25
0519e6e68b41,115,2026,1160.3589999999895,-0.21536471248772293,7.19236750070862,37.2093023255814,3.081484358053109,42,40,300,14,0.25
feb3f0821d9c,116,2021-2022,158.08300000000258,-0.16520328027633113,0.462622737770912,37.38095238095238,1.095762708978399,419,40,300,20,0.05
feb3f0821d9c,116,2023-2025,3286.0450000000046,-0.16208383074678379,2.588554669620856,39.43472409152086,1.659469827345595,743,40,300,20,0.05
feb3f0821d9c,116,2026,1288.1559999999918,-0.21536471248772293,7.696967027177585,37.2093023255814,3.2462666177355093,42,40,300,20,0.05
3fdd59d71362,117,2021-2022,128.39200000000324,-0.17568576554422233,0.39795606868987704,37.70883054892602,1.078252397556724,418,40,300,20,0.1
3fdd59d71362,117,2023-2025,3252.9660000000067,-0.1661903026225512,2.5713956996261653,39.106901217861974,1.6474873291342875,739,40,300,20,0.1
3fdd59d71362,117,2026,1176.2689999999911,-0.21536471248772293,7.250059102767304,37.2093023255814,3.1025123815254814,42,40,300,20,0.1
c962d115d702,118,2021-2022,131.92450000000326,-0.18633418566248872,0.40482642333589713,37.79904306220095,1.0824725228780239,417,40,300,20,0.15
c962d115d702,118,2023-2025,3239.699000000005,-0.16807963455162467,2.5689175721833504,39.783491204330176,1.6459889681063915,739,40,300,20,0.15
c962d115d702,118,2026,1206.8459999999905,-0.21536471248772293,7.38594689574115,37.2093023255814,3.1428999488019573,42,40,300,20,0.15
ad09724b5bf7,119,2021-2022,112.71000000000322,-0.18546021112117383,0.36408070849520374,37.64988009592326,1.0768817433592526,416,40,300,20,0.2
ad09724b5bf7,119,2023-2025,3241.1364999999987,-0.17151269639238165,2.578947529969553,40.243902439024396,1.65840413885662,738,40,300,20,0.2
ad09724b5bf7,119,2026,1207.1259999999893,-0.21536471248772293,7.387565308684454,37.2093023255814,3.1432139789065676,42,40,300,20,0.2
66a3288a4d4c,120,2021-2022,84.86400000000253,-0.1914606151149426,0.3033923080645956,37.469586374695865,1.0604913719671423,410,40,300,20,0.25
66a3288a4d4c,120,2023-2025,3258.587500000004,-0.17169885342773283,2.6173596081664936,39.620081411126186,1.6715865961381682,737,40,300,20,0.25
66a3288a4d4c,120,2026,1160.3589999999895,-0.21536471248772293,7.19236750070862,37.2093023255814,3.081484358053109,42,40,300,20,0.25
b6c359874653,121,2021-2022,-8.465499999996382,-0.19406842694277615,0.1039758101601373,35.667396061269145,0.996030995259495,456,50,150,10,0.05
b6c359874653,121,2023-2025,2987.8684999999987,-0.19642053049965924,2.322966445278736,39.2811296534018,1.5761068685669553,779,50,150,10,0.05
b6c359874653,121,2026,1262.2204999999958,-0.2056641557104797,7.337584933458043,34.090909090909086,3.2384555004336355,43,50,150,10,0.05
9b79ea36e9e8,122,2021-2022,-30.995499999995445,-0.19355310787180724,0.049782078841449785,36.40350877192983,0.9841043405407016,455,50,150,10,0.1
9b79ea36e9e8,122,2023-2025,2921.6124999999956,-0.20837091582832556,2.2904119183485925,39.175257731958766,1.5664544839582146,776,50,150,10,0.1
9b79ea36e9e8,122,2026,1256.9234999999971,-0.2056641557104797,7.306195247965097,34.090909090909086,3.2008582384215134,43,50,150,10,0.1
f22b2e010a15,123,2021-2022,-32.0144999999975,-0.20930327285414707,0.04604935896131651,36.666666666666664,0.9885657919720658,449,50,150,10,0.15
f22b2e010a15,123,2023-2025,2932.1965000000055,-0.19908012642148465,2.320327177388553,38.939197930142306,1.573913952783282,773,50,150,10,0.15
f22b2e010a15,123,2026,1249.8264999999938,-0.2056641557104797,7.277791577119398,34.090909090909086,3.252704098400155,43,50,150,10,0.15
a54d0041db87,124,2021-2022,0.29550000000426735,-0.18280013635568781,0.11845257244143115,36.97104677060133,0.9975560404469328,448,50,150,10,0.2
a54d0041db87,124,2023-2025,2835.5780000000027,-0.19118808060438486,2.3033136219233805,39.374185136897,1.5692098715406162,767,50,150,10,0.2
a54d0041db87,124,2026,1263.0034999999943,-0.1778781640387448,7.416808694377744,34.090909090909086,3.306864959845926,43,50,150,10,0.2
7edaa7f18d6a,125,2021-2022,-12.675499999993917,-0.18132195890094893,0.08873780021678013,36.017897091722595,0.9898753008016714,446,50,150,10,0.25
7edaa7f18d6a,125,2023-2025,2827.9635000000058,-0.1883122085451302,2.3012377711475978,39.130434782608695,1.5751609063597618,759,50,150,10,0.25
7edaa7f18d6a,125,2026,1271.7224999999935,-0.1778781640387448,7.4336118493862235,34.090909090909086,3.3528169673084602,43,50,150,10,0.25
9450dbb1e9b6,126,2021-2022,-12.504499999995687,-0.19613178784326524,0.09526324712715427,35.667396061269145,0.9942339457177815,456,50,150,14,0.05
9450dbb1e9b6,126,2023-2025,2961.4759999999987,-0.19631501766689996,2.312380978284793,39.2811296534018,1.5715714362564854,779,50,150,14,0.05
9450dbb1e9b6,126,2026,1262.5004999999946,-0.2056641557104797,7.339062507482445,34.090909090909086,3.2387721528662365,43,50,150,14,0.05
8bbde7a56140,127,2021-2022,-32.0054999999943,-0.1932314788756786,0.05005012160940469,35.96491228070175,0.984912659036501,455,50,150,14,0.1
8bbde7a56140,127,2023-2025,2960.806999999999,-0.20511506869967544,2.3215506360479394,39.09677419354839,1.5754497430362293,775,50,150,14,0.1
8bbde7a56140,127,2026,1256.310499999996,-0.2056641557104797,7.303173380041381,34.090909090909086,3.1967631845977773,43,50,150,14,0.1
0a250be94b17,128,2021-2022,-41.13249999999516,-0.2070054940492202,0.025752164954885786,36.64459161147903,0.983940072389778,452,50,150,14,0.15
0a250be94b17,128,2023-2025,2942.2055000000055,-0.19931380346122007,2.333474126810972,39.48051948051948,1.5744847081024815,770,50,150,14,0.15
0a250be94b17,128,2026,1264.6064999999944,-0.2056641557104797,7.340034454845279,34.090909090909086,3.285199803835755,43,50,150,14,0.15
71f2d1da9725,129,2021-2022,10.166000000002441,-0.18391684447629641,0.13979013209755178,36.38392857142857,1.012598378848205,447,50,150,14,0.2
71f2d1da9725,129,2023-2025,2910.438500000007,-0.1950770369258471,2.3235978752896016,38.82352941176471,1.5720468163536965,765,50,150,14,0.2
71f2d1da9725,129,2026,1266.7459999999928,-0.1778781640387448,7.441410267408776,34.090909090909086,3.334202855432845,43,50,150,14,0.2
bcbb87326778,130,2021-2022,-54.54149999999345,-0.1895757042201608,-0.004007924720376202,36.17977528089887,0.9736420703795218,444,50,150,14,0.25
bcbb87326778,130,2023-2025,2805.1410000000046,-0.19580184209928564,2.2633926634576644,38.91820580474934,1.5723421738688494,758,50,150,14,0.25
bcbb87326778,130,2026,1254.1594999999934,-0.1778781640387448,7.373693322265879,34.090909090909086,3.3488985529625657,43,50,150,14,0.25
9ffd9963a6d1,131,2021-2022,-4.823499999995647,-0.19695418454503233,0.11189879651461354,35.667396061269145,0.9976814928306542,456,50,150,20,0.05
9ffd9963a6d1,131,2023-2025,2974.4839999999995,-0.19622005545539867,2.3245979416480846,39.2811296534018,1.5770083443972982,779,50,150,20,0.05
9ffd9963a6d1,131,2026,1257.7204999999958,-0.2056641557104797,7.310391534865396,34.090909090909086,3.206203619378223,43,50,150,20,0.05
be2d31bf8ed6,132,2021-2022,-18.271499999994376,-0.18552140409733187,0.07993422692663767,36.56387665198238,0.9917921740187379,453,50,150,20,0.1
be2d31bf8ed6,132,2023-2025,2958.495999999999,-0.20000844839319099,2.3340280219337233,39.483870967741936,1.5782970216674448,775,50,150,20,0.1
be2d31bf8ed6,132,2026,1256.310499999996,-0.2056641557104797,7.303173380041381,34.090909090909086,3.1967631845977773,43,50,150,20,0.1
475432e0553e,133,2021-2022,-55.46699999999737,-0.202383982532796,-0.004543334031665712,36.56387665198238,0.9733068142267177,453,50,150,20,0.15
475432e0553e,133,2023-2025,2984.6015000000043,-0.19964921605102548,2.3576706493767943,39.350649350649356,1.585720343170283,770,50,150,20,0.15
475432e0553e,133,2026,1284.558999999993,-0.1778781640387448,7.508330170566596,34.090909090909086,3.3589233326612633,43,50,150,20,0.15
ce479a8af762,134,2021-2022,-12.709499999996979,-0.1919616969796385,0.08903132403032081,36.160714285714285,1.0084579735036072,447,50,150,20,0.2
ce479a8af762,134,2023-2025,2924.7700000000036,-0.19176984662153662,2.3288397339720985,38.7434554973822,1.5706956970678911,764,50,150,20,0.2
ce479a8af762,134,2026,1306.251999999994,-0.1778781640387448,7.6469304226562995,34.883720930232556,3.542490033709174,42,50,150,20,0.2
0f7985d5fa9d,135,2021-2022,-59.22099999999455,-0.21402653089096835,-0.013353755412582565,36.711711711711715,0.9756351602207893,443,50,150,20,0.25
0f7985d5fa9d,135,2023-2025,2841.8420000000074,-0.19623491453145026,2.2896686058893896,39.44591029023747,1.5815627420798384,758,50,150,20,0.25
0f7985d5fa9d,135,2026,1279.098999999992,-0.1778781640387448,7.539390591498248,34.883720930232556,3.466052630346088,42,50,150,20,0.25
238834d9206a,136,2021-2022,-71.64699999999448,-0.21379187725526272,-0.04075557936258796,36.986301369863014,0.9805384710986897,437,50,200,10,0.05
238834d9206a,136,2023-2025,3026.173500000007,-0.18976895865216659,2.3901650999172803,39.42181340341656,1.5945669634958874,761,50,200,10,0.05
238834d9206a,136,2026,1255.7814999999937,-0.25448275862069525,7.182870455584088,33.33333333333333,3.0491569858079965,44,50,200,10,0.05
4e999fb9c998,137,2021-2022,-50.521999999994705,-0.2107340173638491,0.005913105132100281,36.23853211009174,0.9885328628812933,435,50,200,10,0.1
4e999fb9c998,137,2023-2025,3071.490999999998,-0.19151671458554198,2.4166068311982847,39.92042440318303,1.6073085271174608,754,50,200,10,0.1
4e999fb9c998,137,2026,1287.7304999999906,-0.25448275862069525,7.332026339299707,35.55555555555556,3.0930854361816267,44,50,200,10,0.1
f9da5824a59e,138,2021-2022,-7.900499999994736,-0.2164562349947855,0.09963475989432886,36.65893271461717,1.0032550556780193,430,50,200,10,0.15
f9da5824a59e,138,2023-2025,3143.7400000000007,-0.1887929495382531,2.4603817152082734,40.106951871657756,1.6296186371209034,748,50,200,10,0.15
f9da5824a59e,138,2026,1264.9944999999934,-0.25448275862069525,7.2395456007070065,33.33333333333333,3.030382309273217,44,50,200,10,0.15
0b6bf01bef35,139,2021-2022,3.4355000000050495,-0.22135490590211748,0.12446823074894432,36.13053613053613,1.0062190855412487,428,50,200,10,0.2
0b6bf01bef35,139,2023-2025,3098.5054999999993,-0.18182601370444862,2.494065741509403,39.892183288409704,1.637222934139318,742,50,200,10,0.2
0b6bf01bef35,139,2026,1288.3504999999932,-0.2568221587984897,7.330076132026362,33.33333333333333,3.062186544802698,44,50,200,10,0.2
ccf97daa2e13,140,2021-2022,4.7760000000014315,-0.21917876260920377,0.12573130608019809,36.38497652582159,0.9971480643787787,425,50,200,10,0.25
ccf97daa2e13,140,2023-2025,3156.9525000000012,-0.17912880698976608,2.560457833478654,39.455782312925166,1.6620266074672905,735,50,200,10,0.25
ccf97daa2e13,140,2026,1255.0109999999968,-0.2568221587984897,7.20960066103314,33.33333333333333,2.9846238860671463,44,50,200,10,0.25
1e044d70cbb1,141,2021-2022,-57.19699999999466,-0.21256856956905512,-0.00786872511690694,37.29977116704806,0.9894168398850787,436,50,200,14,0.05
1e044d70cbb1,141,2023-2025,3044.0910000000076,-0.18901065896260583,2.404055817279097,39.55321944809461,1.598885294939526,761,50,200,14,0.05
1e044d70cbb1,141,2026,1255.7814999999937,-0.25448275862069525,7.182870455584088,33.33333333333333,3.0491569858079965,44,50,200,14,0.05
83fa45c45391,142,2021-2022,-34.77199999999402,-0.21190117239109474,0.040956391161311424,36.0919540229885,0.9997041806833512,434,50,200,14,0.1
83fa45c45391,142,2023-2025,3124.4540000000006,-0.19054846838333905,2.439568929558063,40.07989347536618,1.6172763144139692,751,50,200,14,0.1
83fa45c45391,142,2026,1287.7304999999906,-0.25448275862069525,7.332026339299707,35.55555555555556,3.0930854361816267,44,50,200,14,0.1
fea1c764f57c,143,2021-2022,-16.517499999994016,-0.21991847740404036,0.08008553296247721,35.96287703016242,0.998992549597066,430,50,200,14,0.15
fea1c764f57c,143,2023-2025,3159.4030000000002,-0.18807077446859222,2.4762336793364024,40.08042895442359,1.6312433633295442,746,50,200,14,0.15
fea1c764f57c,143,2026,1264.9944999999934,-0.25448275862069525,7.2395456007070065,33.33333333333333,3.030382309273217,44,50,200,14,0.15
dd9561bd5ce1,144,2021-2022,21.512500000004366,-0.2161249774691435,0.16411831780186006,36.82983682983683,1.0113335986192862,428,50,200,14,0.2
dd9561bd5ce1,144,2023-2025,3151.9380000000056,-0.18243627569795418,2.4962100736054564,39.54116059379217,1.6375738445741648,741,50,200,14,0.2
dd9561bd5ce1,144,2026,1288.3504999999932,-0.2568221587984897,7.330076132026362,33.33333333333333,3.062186544802698,44,50,200,14,0.2
efba203b7e2c,145,2021-2022,14.163000000002057,-0.20939289642355818,0.1468581200542325,36.94117647058823,1.0110299501609599,424,50,200,14,0.25
efba203b7e2c,145,2023-2025,3142.2185000000054,-0.17672111102982802,2.5366306877292844,39.86394557823129,1.6578227510490726,735,50,200,14,0.25
efba203b7e2c,145,2026,1254.337499999996,-0.2568221587984897,7.205353606113813,33.33333333333333,2.9807703302427093,44,50,200,14,0.25
17a9ecaa11c9,146,2021-2022,-60.81399999999485,-0.21698198395012913,-0.015060753501883113,37.29977116704806,0.9879050731383952,436,50,200,20,0.05
17a9ecaa11c9,146,2023-2025,3014.702500000003,-0.1914834924853014,2.3773387923971323,39.21052631578947,1.5882232600728488,760,50,200,20,0.05
17a9ecaa11c9,146,2026,1255.7814999999937,-0.25448275862069525,7.182870455584088,33.33333333333333,3.0491569858079965,44,50,200,20,0.05
700cfb448ba5,147,2021-2022,-44.498499999995374,-0.20162538510020966,0.01908653797704546,36.55172413793103,0.9933650737532268,434,50,200,20,0.1
700cfb448ba5,147,2023-2025,3108.805000000001,-0.18914103855390962,2.431148837112244,39.680426098535285,1.6142095002459111,751,50,200,20,0.1
700cfb448ba5,147,2026,1287.7304999999906,-0.25448275862069525,7.332026339299707,35.55555555555556,3.0930854361816267,44,50,200,20,0.1
fad9cd952a57,148,2021-2022,-7.863999999993894,-0.21871774945452405,0.09993766904561499,36.19489559164733,1.004260098043624,430,50,200,20,0.15
fad9cd952a57,148,2023-2025,3112.0850000000028,-0.18597576238611369,2.4423813978509084,39.59731543624161,1.6179322218681662,745,50,200,20,0.15
fad9cd952a57,148,2026,1301.6204999999918,-0.2568221587984897,7.3779443704131085,35.55555555555556,3.093654937998313,44,50,200,20,0.15
401bbf57af2d,149,2021-2022,-3.9164999999957217,-0.23199113147502992,0.10813253165129792,37.00234192037471,1.0071474235450197,426,50,200,20,0.2
401bbf57af2d,149,2023-2025,3189.771500000006,-0.1842949989469943,2.508482845697103,39.94601889338731,1.638711349526841,741,50,200,20,0.2
401bbf57af2d,149,2026,1273.6744999999955,-0.2568221587984897,7.263267513926506,33.33333333333333,3.0238016401859875,44,50,200,20,0.2
e39b203f2de4,150,2021-2022,12.168500000004087,-0.22359135608666558,0.14342762989741137,36.61971830985916,1.0088183134716109,425,50,200,20,0.25
e39b203f2de4,150,2023-2025,3155.6885,-0.1798313744557486,2.540409438662807,40.381991814461124,1.6553980256869347,733,50,200,20,0.25
e39b203f2de4,150,2026,1295.2604999999949,-0.2568221587984897,7.3553615842370865,33.33333333333333,3.0691677527741303,44,50,200,20,0.25
51a2d3ae2d8e,151,2021-2022,62.85750000000348,-0.1859838815114515,0.25528608626231125,37.52969121140142,1.0475655147635627,420,50,250,10,0.05
51a2d3ae2d8e,151,2023-2025,3359.6489999999994,-0.16311670014770596,2.620699317152475,38.95582329317269,1.6578128561862537,747,50,250,10,0.05
51a2d3ae2d8e,151,2026,1251.750999999992,-0.21562204650728078,7.524799039713901,36.36363636363637,3.1553318993562214,43,50,250,10,0.05
fe2ab444dabe,152,2021-2022,79.25950000000239,-0.19616054066356914,0.2912724882661493,36.60287081339713,1.0549769855396265,417,50,250,10,0.1
fe2ab444dabe,152,2023-2025,3330.816499999998,-0.1586234329969214,2.6663040650188656,39.41018766756032,1.6834625382159103,746,50,250,10,0.1
fe2ab444dabe,152,2026,1262.2924999999923,-0.21045524727460418,7.589310239248133,36.36363636363637,3.1710632592931525,43,50,250,10,0.1
c63d659e7dd0,153,2021-2022,120.72550000000433,-0.17607859034946716,0.38532096621973383,37.10843373493976,1.073507510341791,414,50,250,10,0.15
c63d659e7dd0,153,2023-2025,3266.245,-0.15412577818201234,2.645986089088985,39.00134952766532,1.6751960992822468,741,50,250,10,0.15
c63d659e7dd0,153,2026,1261.232499999991,-0.20990034155243154,7.5768298295199035,36.36363636363637,3.1680002727410734,43,50,250,10,0.15
da3946499b86,154,2021-2022,96.32800000000566,-0.19411584235381074,0.3291932519850964,37.469586374695865,1.0604251173558161,410,50,250,10,0.2
da3946499b86,154,2023-2025,3259.7514999999976,-0.15145505674927762,2.6628679652306415,39.27125506072874,1.6810545842082372,741,50,250,10,0.2
da3946499b86,154,2026,1260.612499999991,-0.20990034155243154,7.571885458920072,36.36363636363637,3.16678879905853,43,50,250,10,0.2
485f7998e773,155,2021-2022,39.925500000005286,-0.23184453457885568,0.20487407404132058,37.22627737226277,1.028966037970907,410,50,250,10,0.25
485f7998e773,155,2023-2025,3312.7309999999934,-0.14830567968444286,2.7227575562034536,39.91825613079019,1.7080911808184023,734,50,250,10,0.25
485f7998e773,155,2026,1272.7074999999932,-0.21862443269546272,7.601823637467807,36.36363636363637,3.188089485543834,43,50,250,10,0.25
f5c2b96105d5,156,2021-2022,53.35200000000259,-0.1872722154094253,0.2343894888382624,36.81710213776722,1.0414923492300867,420,50,250,14,0.05
f5c2b96105d5,156,2023-2025,3362.7369999999974,-0.16865871666307286,2.597178421459713,39.14209115281501,1.6481681570995268,746,50,250,14,0.05
f5c2b96105d5,156,2026,1251.750999999992,-0.21562204650728078,7.524799039713901,36.36363636363637,3.1553318993562214,43,50,250,14,0.05
149c55f82a60,157,2021-2022,80.27200000000335,-0.19452697449404055,0.29357853232755077,36.60287081339713,1.0553856217081032,417,50,250,14,0.1
149c55f82a60,157,2023-2025,3369.1879999999946,-0.1583453649060781,2.6843908208484613,39.46308724832215,1.6923227582023328,745,50,250,14,0.1
149c55f82a60,157,2026,1262.2924999999923,-0.21045524727460418,7.589310239248133,36.36363636363637,3.1710632592931525,43,50,250,14,0.1
c12072ef0f9b,158,2021-2022,101.31800000000453,-0.18281234217820985,0.34119895061972266,36.86746987951807,1.0692468676597018,414,50,250,14,0.15
c12072ef0f9b,158,2023-2025,3283.492500000001,-0.156028955439258,2.6463266835098453,39.54116059379217,1.6839328903497675,741,50,250,14,0.15
c12072ef0f9b,158,2026,1260.612499999991,-0.20990034155243154,7.571885458920072,36.36363636363637,3.16678879905853,43,50,250,14,0.15
ef735c1b878b,159,2021-2022,108.49050000000693,-0.18899779527913407,0.3560842585104854,37.62135922330097,1.0670690493519102,411,50,250,14,0.2
ef735c1b878b,159,2023-2025,3230.146499999998,-0.15948429560374677,2.636441869481454,39.02439024390244,1.6699776999343394,738,50,250,14,0.2
ef735c1b878b,159,2026,1261.527499999991,-0.21862443269546272,7.558942815629299,36.36363636363637,3.175922358116332,43,50,250,14,0.2
5079d6d3dfb8,160,2021-2022,71.92150000000333,-0.21663309987440627,0.2752605306505717,37.80487804878049,1.0450581447418354,409,50,250,14,0.25
5079d6d3dfb8,160,2023-2025,3287.132999999999,-0.15201309555148534,2.6808807449425225,39.72789115646258,1.6889895007819138,735,50,250,14,0.25
5079d6d3dfb8,160,2026,1270.0674999999937,-0.22109483928321305,7.581326399628371,36.36363636363637,3.1828853503158188,43,50,250,14,0.25
7e53ab48b5d9,161,2021-2022,55.620000000003074,-0.18724287698795405,0.23937428690935367,37.05463182897862,1.0418428918181384,420,50,250,20,0.05
7e53ab48b5d9,161,2023-2025,3362.775999999998,-0.16852689746853544,2.5973807976818266,39.14209115281501,1.6480981053542478,746,50,250,20,0.05
7e53ab48b5d9,161,2026,1255.8374999999924,-0.2117980629766577,7.557713905775613,36.36363636363637,3.163311912856361,43,50,250,20,0.05
9e0ec54be1e1,162,2021-2022,58.979000000003225,-0.1920630621022389,0.24692792280083598,36.45083932853717,1.04359381240933,416,50,250,20,0.1
9e0ec54be1e1,162,2023-2025,3358.8410000000013,-0.1608753108714952,2.657145646370154,39.46308724832215,1.682366866959511,745,50,250,20,0.1
9e0ec54be1e1,162,2026,1259.3424999999916,-0.20990034155243154,7.569013542263217,36.36363636363637,3.165816439125572,43,50,250,20,0.1
1c7dee140894,163,2021-2022,120.72700000000327,-0.17935647558700607,0.38511390256309314,37.34939759036144,1.08032704162439,414,50,250,20,0.15
1c7dee140894,163,2023-2025,3284.4765000000034,-0.1584637128139329,2.6584072421303278,39.97289972899729,1.6849584693449167,738,50,250,20,0.15
1c7dee140894,163,2026,1266.5574999999917,-0.21862443269546272,7.578129919785768,36.36363636363637,3.182255396603301,43,50,250,20,0.15
cb983e011ec6,164,2021-2022,100.41450000000509,-0.19269612824287874,0.3380599854098063,37.43961352657005,1.065356594475092,413,50,250,20,0.2
cb983e011ec6,164,2023-2025,3227.465500000003,-0.15452872853227428,2.6232334410346305,39.02439024390244,1.6645900093894361,738,50,250,20,0.2
cb983e011ec6,164,2026,1270.0674999999937,-0.22109483928321305,7.581326399628371,36.36363636363637,3.1828853503158188,43,50,250,20,0.2
07f693d9a63e,165,2021-2022,67.58100000000672,-0.21350164135301697,0.2657483849813803,37.40831295843521,1.0443499761914803,408,50,250,20,0.25
07f693d9a63e,165,2023-2025,3226.0305,-0.15948903001982495,2.6167213708068973,39.48087431693989,1.662354103841805,732,50,250,20,0.25
07f693d9a63e,165,2026,1265.7974999999933,-0.22109483928321305,7.565462051500946,36.36363636363637,3.1782388888960424,43,50,250,20,0.25
77f7f8cfb56d,166,2021-2022,62.00350000000526,-0.1997525794402818,0.2536188317100173,36.73965936739659,1.046471588187601,410,50,300,10,0.05
77f7f8cfb56d,166,2023-2025,3367.699499999998,-0.16213684724270183,2.721045667209067,40.08207934336525,1.7236142686651716,731,50,300,10,0.05
77f7f8cfb56d,166,2026,1139.1289999999917,-0.21536471248772293,7.104442700878988,37.2093023255814,3.0512465819183294,42,50,300,10,0.05
95a13ba12c71,167,2021-2022,45.31150000000298,-0.18703858550084052,0.21658778243665405,36.27450980392157,1.036472092826569,407,50,300,10,0.1
95a13ba12c71,167,2023-2025,3349.896499999996,-0.16402214899819634,2.7046633503511157,40.192043895747595,1.7168585624735755,729,50,300,10,0.1
95a13ba12c71,167,2026,1139.1289999999917,-0.21536471248772293,7.104442700878988,37.2093023255814,3.0512465819183294,42,50,300,10,0.1
da9c5e16392b,168,2021-2022,35.794000000002825,-0.18805585334011055,0.19546474882804055,36.79012345679013,1.0326424040182218,404,50,300,10,0.15
da9c5e16392b,168,2023-2025,3371.2204999999894,-0.15884090543148988,2.742525834988914,40.13793103448276,1.7257157990291097,725,50,300,10,0.15
da9c5e16392b,168,2026,1074.2889999999916,-0.21536471248772293,6.831628322304972,37.2093023255814,2.9660151611452394,42,50,300,10,0.15
3a43700c5a0e,169,2021-2022,22.572500000002265,-0.19259715776550512,0.16659002903868353,37.03703703703704,1.030019509638431,404,50,300,10,0.2
3a43700c5a0e,169,2023-2025,3340.246499999991,-0.16245721490276266,2.722316363863414,39.25104022191401,1.71970775546727,721,50,300,10,0.2
3a43700c5a0e,169,2026,1079.678999999991,-0.21536471248772293,6.8579075371644915,37.2093023255814,2.972514904452802,42,50,300,10,0.2
130dfacb603a,170,2021-2022,55.67800000000443,-0.18711205902587313,0.2397062874808045,37.3134328358209,1.0418057289618428,401,50,300,10,0.25
130dfacb603a,170,2023-2025,3339.009999999992,-0.1622957327453537,2.7285625495595878,39.389736477115115,1.7207419578082694,721,50,300,10,0.25
130dfacb603a,170,2026,1115.7289999999884,-0.21536471248772293,7.026302060572529,37.2093023255814,3.019605917204818,42,50,300,10,0.25
f091b5409551,171,2021-2022,65.13400000000456,-0.2010321461216661,0.26056989433163,36.89320388349515,1.0460360705869864,411,50,300,14,0.05
f091b5409551,171,2023-2025,3366.315999999998,-0.16352612619783613,2.706818739380411,39.945280437756495,1.7180209428234652,731,50,300,14,0.05
f091b5409551,171,2026,1139.1289999999917,-0.21536471248772293,7.104442700878988,37.2093023255814,3.0512465819183294,42,50,300,14,0.05
d8816b9693d6,172,2021-2022,59.39150000000336,-0.18814940544502168,0.247738075717576,36.27450980392157,1.0447445538137368,407,50,300,14,0.1
d8816b9693d6,172,2023-2025,3367.7099999999946,-0.16181930496505226,2.717684010843912,39.91769547325103,1.7245831404742231,729,50,300,14,0.1
d8816b9693d6,172,2026,1139.1289999999917,-0.21536471248772293,7.104442700878988,37.2093023255814,3.0512465819183294,42,50,300,14,0.1
579581589b78,173,2021-2022,49.41200000000367,-0.18728112763236038,0.22569407224460958,36.69950738916256,1.0358402950672805,405,50,300,14,0.15
579581589b78,173,2023-2025,3364.544499999992,-0.16461034159345278,2.7200750143837418,40.11065006915629,1.7222359222977868,723,50,300,14,0.15
579581589b78,173,2026,1079.678999999991,-0.21536471248772293,6.8579075371644915,37.2093023255814,2.972514904452802,42,50,300,14,0.15
de99945b13ed,174,2021-2022,19.216500000003407,-0.19333955309904105,0.15922749267510342,37.03703703703704,1.0282824165418796,404,50,300,14,0.2
de99945b13ed,174,2023-2025,3362.086999999993,-0.15820195513786295,2.7385564999232046,39.72222222222222,1.7290040059152025,720,50,300,14,0.2
de99945b13ed,174,2026,1079.678999999991,-0.21536471248772293,6.8579075371644915,37.2093023255814,2.972514904452802,42,50,300,14,0.2
4f5237ad5eaa,175,2021-2022,30.64900000000307,-0.18860301478092234,0.1840532199297286,37.406483790523694,1.0307922572900976,400,50,300,14,0.25
4f5237ad5eaa,175,2023-2025,3363.6399999999912,-0.16048613947494983,2.738260628806839,39.63838664812239,1.727166481105005,719,50,300,14,0.25
4f5237ad5eaa,175,2026,1115.7289999999884,-0.21536471248772293,7.026302060572529,37.2093023255814,3.019605917204818,42,50,300,14,0.25
e0d47d2ead28,176,2021-2022,48.296000000004824,-0.20083198761974852,0.22320990569010007,37.04600484261501,1.0388515690130748,412,50,300,20,0.05
e0d47d2ead28,176,2023-2025,3363.6569999999965,-0.16333088277810281,2.705374586976422,39.945280437756495,1.7166435159692024,731,50,300,20,0.05
e0d47d2ead28,176,2026,1139.1289999999917,-0.21536471248772293,7.104442700878988,37.2093023255814,3.0512465819183294,42,50,300,20,0.05
0b68c619cb7b,177,2021-2022,61.25450000000478,-0.19184146951459313,0.2517706087765653,36.51960784313725,1.0457639378306707,407,50,300,20,0.1
0b68c619cb7b,177,2023-2025,3392.963999999997,-0.16111261234755836,2.7287010335210007,40.027510316368634,1.7274152631098763,727,50,300,20,0.1
0b68c619cb7b,177,2026,1139.1289999999917,-0.21536471248772293,7.104442700878988,37.2093023255814,3.0512465819183294,42,50,300,20,0.1
b4e834446408,178,2021-2022,43.6505000000036,-0.19636451787994058,0.212970207934217,36.45320197044335,1.034248144857285,405,50,300,20,0.15
b4e834446408,178,2023-2025,3357.1204999999927,-0.1625090630964222,2.7144949170144543,39.86206896551724,1.719985399665277,725,50,300,20,0.15
b4e834446408,178,2026,1079.678999999991,-0.21536471248772293,6.8579075371644915,37.2093023255814,2.972514904452802,42,50,300,20,0.15
1ca949cf908b,179,2021-2022,15.493500000003905,-0.19276255631765904,0.15083668706951336,37.28395061728395,1.0262719142939025,404,50,300,20,0.2
1ca949cf908b,179,2023-2025,3355.916999999993,-0.16197584660933828,2.718745907002585,39.77746870653686,1.7211980348063076,719,50,300,20,0.2
1ca949cf908b,179,2026,1080.8089999999902,-0.21536471248772293,6.862876619558662,37.2093023255814,2.973861798309256,42,50,300,20,0.2
bb76962b9506,180,2021-2022,11.256500000001097,-0.19617874489158538,0.14125545863209718,37.1571072319202,1.0211556990916313,400,50,300,20,0.25
bb76962b9506,180,2023-2025,3352.7719999999945,-0.1610760284579783,2.736982317739061,39.74895397489539,1.7283746417196841,717,50,300,20,0.25
bb76962b9506,180,2026,1097.8789999999917,-0.21536471248772293,6.9435081963442356,37.2093023255814,2.9952910923452567,42,50,300,20,0.25
528ac3e9a5fc,181,2021-2022,-68.25099999999793,-0.2265301332765185,-0.035138064988627815,35.57046979865772,0.9667661866048943,446,60,150,10,0.05
528ac3e9a5fc,181,2023-2025,3043.837000000007,-0.18731954029594822,2.4105741218577013,39.559014267185475,1.5958065345469687,771,60,150,10,0.05
528ac3e9a5fc,181,2026,1268.6489999999912,-0.20913255041407952,7.3428813796715655,33.33333333333333,3.1848249101205095,44,60,150,10,0.05
b84a1c55cd78,182,2021-2022,-47.854499999997415,-0.21336121000892116,0.009139031064034272,37.04545454545455,0.98287115249099,439,60,150,10,0.1
b84a1c55cd78,182,2023-2025,2929.3365000000113,-0.17947159555785153,2.351416715810254,39.55026455026455,1.5920195012126943,756,60,150,10,0.1
b84a1c55cd78,182,2026,1262.0769999999948,-0.2087535675852763,7.315922139085681,35.55555555555556,3.1524929428951154,44,60,150,10,0.1
a17b3d860868,183,2021-2022,-38.283499999994774,-0.21437671755896726,0.02127310497770394,35.84474885844749,0.971303520685738,437,60,150,10,0.15
a17b3d860868,183,2023-2025,2898.464500000006,-0.17936220743949427,2.3708620378655825,39.361702127659576,1.5924313605063023,752,60,150,10,0.15
a17b3d860868,183,2026,1266.1034999999965,-0.17749918120994157,7.44188060304565,34.090909090909086,3.252034473950164,43,60,150,10,0.15
931d2bb09574,184,2021-2022,-51.28799999999342,-0.2154590036055144,-0.010017366949823974,35.498839907192576,0.9747273073895915,430,60,150,10,0.2
931d2bb09574,184,2023-2025,2923.352000000001,-0.18292200597289354,2.383372028811524,39.328859060402685,1.6072250700030184,745,60,150,10,0.2
931d2bb09574,184,2026,1261.1894999999968,-0.18036120338745532,7.422156630821426,34.090909090909086,3.266694566823889,43,60,150,10,0.2
b7d5e26aa014,185,2021-2022,-48.47699999999668,-0.20767098706548415,-0.0037173244147442664,35.294117647058826,0.976320996818623,424,60,150,10,0.25
b7d5e26aa014,185,2023-2025,2920.692500000003,-0.1837783819144726,2.3882689507190498,39.97289972899729,1.6125732253555074,738,60,150,10,0.25
b7d5e26aa014,185,2026,1285.4354999999923,-0.18036120338745532,7.568008459796422,36.36363636363637,3.468150119279584,43,60,150,10,0.25
f0c89306046a,186,2021-2022,-67.92499999999882,-0.22699157978583273,-0.03463622953589071,35.57046979865772,0.9680045190171197,446,60,150,14,0.05
f0c89306046a,186,2023-2025,3067.569000000004,-0.18719275355994136,2.4324582676641198,39.50456323337679,1.606832937111879,767,60,150,14,0.05
f0c89306046a,186,2026,1268.6489999999912,-0.20913255041407952,7.3428813796715655,33.33333333333333,3.1848249101205095,44,60,150,14,0.05
4af626639744,187,2021-2022,-48.73249999999689,-0.20374958684150013,0.008184171356857577,37.41496598639456,0.9761541745625572,440,60,150,14,0.1
4af626639744,187,2023-2025,3005.2525000000105,-0.17984636563626266,2.38479114029068,39.63011889035667,1.600282798692531,757,60,150,14,0.1
4af626639744,187,2026,1277.2539999999944,-0.2087535675852763,7.372355088827738,35.55555555555556,3.1684921890314794,44,60,150,14,0.1
8018ff75682f,188,2021-2022,-49.69849999999428,-0.2138970101883111,-0.003519147016903451,36.15560640732266,0.9726116670926904,436,60,150,14,0.15
8018ff75682f,188,2023-2025,2893.5940000000037,-0.18134130677116744,2.3470245041360522,39.54727030625832,1.5897148301468367,751,60,150,14,0.15
8018ff75682f,188,2026,1257.9294999999938,-0.17749918120994157,7.426810520417221,34.090909090909086,3.2808550297143593,43,60,150,14,0.15
415cc9631ab5,189,2021-2022,-53.376999999993586,-0.212047532975552,-0.013909555886773702,35.981308411214954,0.9799778770196932,427,60,150,14,0.2
415cc9631ab5,189,2023-2025,3036.2199999999975,-0.18398480266698758,2.428129370290631,40.0,1.6226054747179566,740,60,150,14,0.2
415cc9631ab5,189,2026,1261.2689999999966,-0.18036120338745532,7.422124549857767,34.090909090909086,3.2657472360058115,43,60,150,14,0.2
12029e0bbf0a,190,2021-2022,-25.69599999999582,-0.20101554576959157,0.049739615545589505,35.529411764705884,0.9837904693477818,424,60,150,14,0.25
12029e0bbf0a,190,2023-2025,2916.297000000003,-0.18257771874819673,2.4146889873990363,40.298507462686565,1.626891851322584,737,60,150,14,0.25
12029e0bbf0a,190,2026,1309.9184999999925,-0.18036120338745532,7.735290197343497,37.2093023255814,3.597683283255018,42,60,150,14,0.25
8c410a097f70,191,2021-2022,-61.44799999999941,-0.22162546881176814,-0.020034012008580366,35.79418344519016,0.9709454363001767,446,60,150,20,0.05
8c410a097f70,191,2023-2025,3055.8475000000053,-0.18722472140597968,2.424724856381104,39.401820546163854,1.6113355184918496,769,60,150,20,0.05
8c410a097f70,191,2026,1237.7159999999922,-0.20913255041407952,7.210397331371365,33.33333333333333,3.1205155413103522,44,60,150,20,0.05
660149510443,192,2021-2022,-63.580499999997755,-0.2119402972448715,-0.025045163404507197,36.11738148984199,0.9694510310776631,442,60,150,20,0.1
660149510443,192,2023-2025,3069.07100000001,-0.18428591709535003,2.40883181965001,39.682539682539684,1.6075722633203606,756,60,150,20,0.1
660149510443,192,2026,1309.3839999999973,-0.18914939409535836,7.578423625886285,35.55555555555556,3.2588931711419717,44,60,150,20,0.1
565d651c15ca,193,2021-2022,-90.97349999999369,-0.2308732224903015,-0.09800166389666196,35.46910755148742,0.9576524645902594,436,60,150,20,0.15
565d651c15ca,193,2023-2025,2863.0420000000036,-0.181543746657716,2.321499500547963,39.46666666666667,1.5772822105462452,750,60,150,20,0.15
565d651c15ca,193,2026,1248.3939999999939,-0.17749918120994157,7.379096863920407,34.090909090909086,3.2664010425801635,43,60,150,20,0.15
90a86b59f423,194,2021-2022,-43.75799999999322,-0.2036460628594462,0.008841010435305479,35.03480278422274,0.9801954858667505,430,60,150,20,0.2
90a86b59f423,194,2023-2025,2995.5224999999964,-0.17900246405822628,2.429498784589359,40.296495956873315,1.6127524916411693,742,60,150,20,0.2
90a86b59f423,194,2026,1312.331999999993,-0.18036120338745532,7.717700539290403,37.2093023255814,3.5448069145083583,42,60,150,20,0.2
1239e94023c6,195,2021-2022,-22.25599999999463,-0.1979601534197225,0.05733013800786209,34.834123222748815,0.99220450326042,421,60,150,20,0.25
1239e94023c6,195,2023-2025,2985.644500000004,-0.18607651420086213,2.4094470953448375,41.12021857923497,1.6163486081409175,732,60,150,20,0.25
1239e94023c6,195,2026,1332.5419999999958,-0.18036120338745532,7.7987483234504404,37.2093023255814,3.573798757527554,42,60,150,20,0.25
e1e871c083fc,196,2021-2022,32.95900000000506,-0.20816268703069107,0.1890462615028845,36.64302600472813,1.028871078982399,422,60,200,10,0.05
e1e871c083fc,196,2023-2025,3250.1155,-0.16566028668009525,2.579315754918538,40.4054054054054,1.6605991329303658,740,60,200,10,0.05
e1e871c083fc,196,2026,1136.2274999999954,-0.2568221587984897,6.744791147105151,33.33333333333333,2.6729012692017537,44,60,200,10,0.05
6b33e3bd3427,197,2021-2022,21.655000000007476,-0.21567045820982023,0.16357143145671577,36.81710213776722,1.021448845737897,420,60,200,10,0.1
6b33e3bd3427,197,2023-2025,3225.3785000000025,-0.15935454318189468,2.6162414575166606,40.43715846994536,1.6794069039524941,732,60,200,10,0.1
6b33e3bd3427,197,2026,1124.3574999999928,-0.2568221587984897,6.699784028219326,33.33333333333333,2.6615574732221443,44,60,200,10,0.1
60f6b6d0f5c5,198,2021-2022,51.99500000000444,-0.19982312638718436,0.23156244122577888,37.5,1.0296132712016308,415,60,200,10,0.15
60f6b6d0f5c5,198,2023-2025,3136.4305000000013,-0.16271536345520798,2.556696123263344,39.66942148760331,1.6655285480251785,726,60,200,10,0.15
60f6b6d0f5c5,198,2026,1132.5494999999928,-0.2290361671267549,6.812386972115375,33.33333333333333,2.711060169148496,44,60,200,10,0.15
7a691491be67,199,2021-2022,44.88050000000362,-0.21741202692412176,0.21546377992057136,37.86407766990291,1.0253954174787925,411,60,200,10,0.2
7a691491be67,199,2023-2025,3092.475000000002,-0.15377981708611366,2.5617863107876633,39.97214484679666,1.6637928523889471,718,60,200,10,0.2
7a691491be67,199,2026,1179.5764999999947,-0.2290361671267549,7.028941908323694,33.33333333333333,2.846181203622723,44,60,200,10,0.2
d51988e0a3d1,200,2021-2022,17.778000000003203,-0.21068641979925684,0.15339604281089458,36.91931540342298,1.0200125580533197,408,60,200,10,0.25
d51988e0a3d1,200,2023-2025,3157.0404999999982,-0.15604896552461545,2.5991780171786036,40.0,1.679590468277059,715,60,200,10,0.25
d51988e0a3d1,200,2026,1155.800999999993,-0.22865718429795157,6.964656283573685,33.33333333333333,2.8081924396609974,44,60,200,10,0.25
b8953f6f3180,201,2021-2022,32.43300000000522,-0.2066991682209225,0.18791978659564942,36.64302600472813,1.0266842204690905,422,60,200,14,0.05
b8953f6f3180,201,2023-2025,3291.5305000000008,-0.16507138798458487,2.611378580611368,40.514905149051486,1.6723196800095548,738,60,200,14,0.05
b8953f6f3180,201,2026,1136.2274999999954,-0.2568221587984897,6.744791147105151,33.33333333333333,2.6729012692017537,44,60,200,14,0.05
2bdf9a44fd42,202,2021-2022,24.83650000000671,-0.2154226168803357,0.17060239505210603,36.666666666666664,1.022675774307794,419,60,200,14,0.1
2bdf9a44fd42,202,2023-2025,3193.1134999999995,-0.16416298382351002,2.5795549635301636,40.49247606019152,1.666808267385826,731,60,200,14,0.1
2bdf9a44fd42,202,2026,1124.3574999999928,-0.2568221587984897,6.699784028219326,33.33333333333333,2.6615574732221443,44,60,200,14,0.1
bec91bb11d1d,203,2021-2022,46.70300000000498,-0.20161279079817684,0.21958719446936142,37.59036144578313,1.0375875811378907,414,60,200,14,0.15
bec91bb11d1d,203,2023-2025,3137.7400000000025,-0.15782763082042084,2.5745264381583803,39.807162534435264,1.6678908127918144,726,60,200,14,0.15
bec91bb11d1d,203,2026,1131.875999999992,-0.2290361671267549,6.808069153055734,33.33333333333333,2.70785763043479,44,60,200,14,0.15
0dd52f2015dd,204,2021-2022,57.22150000000488,-0.2257768612474158,0.24323061290308642,37.469586374695865,1.0350474539288395,410,60,200,14,0.2
0dd52f2015dd,204,2023-2025,3104.9645000000046,-0.15869696675770073,2.549470380829576,40.0278940027894,1.66388059587983,717,60,200,14,0.2
0dd52f2015dd,204,2026,1130.0494999999946,-0.2290361671267549,6.8026569536302555,33.33333333333333,2.7078716701958725,44,60,200,14,0.2
2dd8b3c839cc,205,2021-2022,-8.89149999999563,-0.22205363251557997,0.0929109972722055,37.31707317073171,0.9986345274996566,409,60,200,14,0.25
2dd8b3c839cc,205,2023-2025,3120.176999999996,-0.1508052545486599,2.557136830030974,40.13986013986014,1.6665956347400506,715,60,200,14,0.25
2dd8b3c839cc,205,2026,1171.2614999999923,-0.22865718429795157,6.998759292991902,33.33333333333333,2.83920454992862,44,60,200,14,0.25
6816de355e80,206,2021-2022,48.50100000000589,-0.20504865849984466,0.2236663111907221,36.17021276595745,1.0349834322774485,422,60,200,20,0.05
6816de355e80,206,2023-2025,3295.5245000000014,-0.16623878490922306,2.600472993472117,40.54054054054054,1.6623906878503452,740,60,200,20,0.05
6816de355e80,206,2026,1158.4074999999957,-0.2568221587984897,6.831205254642875,33.33333333333333,2.697156467001525,44,60,200,20,0.05
911ef99259ea,207,2021-2022,41.573500000005424,-0.2023604372107598,0.20809583534799064,36.492890995260666,1.0299309285525584,421,60,200,20,0.1
911ef99259ea,207,2023-2025,3244.7660000000033,-0.1644004434746028,2.607715000029583,40.32921810699588,1.677302562675874,729,60,200,20,0.1
911ef99259ea,207,2026,1124.3574999999928,-0.2568221587984897,6.699784028219326,33.33333333333333,2.6615574732221443,44,60,200,20,0.1
6a645526f0af,208,2021-2022,23.81350000000566,-0.21467258380253684,0.1679006075771968,37.170263788968825,1.02640122398704,416,60,200,20,0.15
6a645526f0af,208,2023-2025,3168.3470000000043,-0.16372967453064746,2.5742722092173658,39.9171270718232,1.6659026356125683,724,60,200,20,0.15
6a645526f0af,208,2026,1134.4059999999945,-0.2290361671267549,6.8179348081587925,33.33333333333333,2.7103321860764233,44,60,200,20,0.15
cbfe276a87a5,209,2021-2022,12.415500000008024,-0.22761067091349485,0.1423189095159283,37.163814180929094,1.0221852172680992,408,60,200,20,0.2
cbfe276a87a5,209,2023-2025,3138.693,-0.1585893550940497,2.5811679774096707,40.306834030683405,1.6717777037132486,717,60,200,20,0.2
cbfe276a87a5,209,2026,1125.6859999999915,-0.2290361671267549,6.78405392283301,33.33333333333333,2.7010566087603136,44,60,200,20,0.2
2c55731aedb9,210,2021-2022,-0.703999999996995,-0.23047844857561173,0.11250415304163354,37.99019607843137,1.0038467608163986,407,60,200,20,0.25
2c55731aedb9,210,2023-2025,3053.4344999999976,-0.1582628091178797,2.5047472587138944,39.859154929577464,1.6464089765024466,710,60,200,20,0.25
2c55731aedb9,210,2026,1171.2614999999923,-0.22865718429795157,6.998759292991902,33.33333333333333,2.83920454992862,44,60,200,20,0.25
4c2b84f2ce54,211,2021-2022,90.96300000000497,-0.19956355252549807,0.3178609278003705,37.89731051344744,1.0622208234452295,408,60,250,10,0.05
4c2b84f2ce54,211,2023-2025,3334.742500000001,-0.1644829641309804,2.681264410991506,39.6457765667575,1.6997483672798213,734,60,250,10,0.05
4c2b84f2ce54,211,2026,1235.0124999999916,-0.21045524727460418,7.479580322248557,36.36363636363637,3.0520310762858527,43,60,250,10,0.05
243b0338cdff,212,2021-2022,67.04700000000298,-0.19260024780142382,0.2649756168669103,36.85503685503686,1.040733498736795,406,60,250,10,0.1
243b0338cdff,212,2023-2025,3285.9314999999997,-0.15999704685544114,2.6703966953582854,40.136986301369866,1.6894431829962784,730,60,250,10,0.1
243b0338cdff,212,2026,1256.6354999999885,-0.20990034155243154,7.596340859845463,37.2093023255814,3.2073485337264325,42,60,250,10,0.1
408a04fa00a7,213,2021-2022,55.23850000000175,-0.19905900688538292,0.2386956610281259,37.220843672456574,1.036443518921106,402,60,250,10,0.15
408a04fa00a7,213,2023-2025,3278.7439999999942,-0.15847934003321407,2.6810558465189493,40.54794520547945,1.694068302671645,730,60,250,10,0.15
408a04fa00a7,213,2026,1262.5804999999891,-0.21862443269546272,7.602246237894147,37.2093023255814,3.223107399062819,42,60,250,10,0.15
12ce7f6b7ca9,214,2021-2022,9.469000000002552,-0.20349303553146758,0.1347739827485814,37.406483790523694,1.0128351648976424,400,60,250,10,0.2
12ce7f6b7ca9,214,2023-2025,3223.428500000002,-0.16005124089185263,2.6450933846879057,40.30261348005502,1.6956289853258804,727,60,250,10,0.2
12ce7f6b7ca9,214,2026,1187.9804999999906,-0.22109483928321305,7.288540315804293,37.2093023255814,3.122196492770962,42,60,250,10,0.2
93651284bbf0,215,2021-2022,-7.986999999998034,-0.21329217923409372,0.09298219937902844,37.3134328358209,0.9992436768734366,401,60,250,10,0.25
93651284bbf0,215,2023-2025,3213.2819999999983,-0.1550013563152579,2.6552791670372535,40.389972144846794,1.7091677557406406,718,60,250,10,0.25
93651284bbf0,215,2026,1184.217499999988,-0.2525176624713493,7.165219039870074,34.883720930232556,3.0463720891602173,42,60,250,10,0.25
62f8e7cd2146,216,2021-2022,90.28500000000417,-0.19985717009844528,0.31632538768330626,37.65281173594132,1.0619167237532245,408,60,250,14,0.05
62f8e7cd2146,216,2023-2025,3338.3375000000005,-0.1648163824938188,2.686432551657586,39.6457765667575,1.699363687999184,734,60,250,14,0.05
62f8e7cd2146,216,2026,1225.6224999999922,-0.21045524727460418,7.441365137763905,36.36363636363637,3.0405870755543987,43,60,250,14,0.05
19994d7c157a,217,2021-2022,76.3865000000012,-0.1911041170771095,0.2859208944634833,37.03703703703704,1.0473381479789634,404,60,250,14,0.1
19994d7c157a,217,2023-2025,3275.746500000004,-0.1607201381665656,2.647988983441739,40.355677154582764,1.6834847638783415,731,60,250,14,0.1
19994d7c157a,217,2026,1256.6354999999885,-0.20990034155243154,7.596340859845463,37.2093023255814,3.2073485337264325,42,60,250,14,0.1
e0cc9003f235,218,2021-2022,50.24100000000203,-0.1957043314500927,0.2275645506278159,37.12871287128713,1.0349608365710712,403,60,250,14,0.15
e0cc9003f235,218,2023-2025,3248.3595000000005,-0.15544691173726377,2.6589777320792387,40.52197802197802,1.6925670998652733,728,60,250,14,0.15
e0cc9003f235,218,2026,1260.3304999999891,-0.22109483928321305,7.583369160716296,37.2093023255814,3.218305416866671,42,60,250,14,0.15
ede2f62a46b1,219,2021-2022,8.038000000002967,-0.2038237243082287,0.1316054476841614,37.81094527363184,1.010709286299383,401,60,250,14,0.2
ede2f62a46b1,219,2023-2025,3255.906500000002,-0.1499208663811109,2.677121730280381,40.909090909090914,1.7016200999682398,726,60,250,14,0.2
ede2f62a46b1,219,2026,1187.9804999999906,-0.22109483928321305,7.288540315804293,37.2093023255814,3.122196492770962,42,60,250,14,0.2
e020391785ba,220,2021-2022,-6.734999999996489,-0.20754168336486334,0.09640222857682125,37.3134328358209,1.0065173545199533,401,60,250,14,0.25
e020391785ba,220,2023-2025,3248.8810000000003,-0.14779922274136437,2.67002523727776,40.4463040446304,1.7133822413872637,717,60,250,14,0.25
e020391785ba,220,2026,1190.1074999999873,-0.2525176624713493,7.196621705440598,34.883720930232556,3.0538440943248295,42,60,250,14,0.25
33ddb38c9e77,221,2021-2022,91.73350000000414,-0.19680894818115957,0.31963176804775806,37.40831295843521,1.062717378030037,408,60,250,20,0.05
33ddb38c9e77,221,2023-2025,3338.5665000000017,-0.1648163824938188,2.6862281800174963,39.69986357435198,1.6992647472628553,733,60,250,20,0.05
33ddb38c9e77,221,2026,1223.4324999999917,-0.20990034155243154,7.424365775879928,36.36363636363637,3.0364773610889872,43,60,250,20,0.05
338c80b82caf,222,2021-2022,80.13350000000128,-0.18837471400409234,0.2944689679442605,37.19211822660098,1.051166220297071,405,60,250,20,0.1
338c80b82caf,222,2023-2025,3256.5675,-0.1604876258981499,2.6334734448142934,39.808481532147745,1.6882274693604387,731,60,250,20,0.1
338c80b82caf,222,2026,1262.5804999999891,-0.21862443269546272,7.602246237894147,37.2093023255814,3.223107399062819,42,60,250,20,0.1
012f2ae9acf9,223,2021-2022,33.34750000000167,-0.20556366233040335,0.18956998944008338,36.88118811881188,1.0264649464680995,403,60,250,20,0.15
012f2ae9acf9,223,2023-2025,3243.4640000000036,-0.15285545596451178,2.651302852159765,40.77134986225895,1.6830400734321966,726,60,250,20,0.15
012f2ae9acf9,223,2026,1262.8604999999916,-0.22109483928321305,7.59311866626541,37.2093023255814,3.2211036543998666,42,60,250,20,0.15
32c10f7bc927,224,2021-2022,-0.7219999999961146,-0.2062891297357592,0.1117122016135681,37.81094527363184,1.0053137749752867,401,60,250,20,0.2
32c10f7bc927,224,2023-2025,3293.5399999999927,-0.15252840249715793,2.7188422158647856,40.89012517385257,1.7208991436233094,719,60,250,20,0.2
32c10f7bc927,224,2026,1154.4004999999888,-0.2525176624713493,7.034819683246376,34.883720930232556,3.008096320670169,42,60,250,20,0.2
302bd96c488e,225,2021-2022,4.286500000001524,-0.20914692031345783,0.12208390272034417,37.25,1.010662194671208,399,60,250,20,0.25
302bd96c488e,225,2023-2025,3254.6240000000007,-0.14810231692963027,2.6693514525935376,40.502793296089386,1.705150611031098,716,60,250,20,0.25
302bd96c488e,225,2026,1186.417499999985,-0.2525176624713493,7.182350055476516,34.883720930232556,3.0498028518296443,42,60,250,20,0.25
4f2d53635540,226,2021-2022,41.99200000000451,-0.19477891619644405,0.209176509392316,36.907730673316706,1.0372104897688712,400,60,300,10,0.05
4f2d53635540,226,2023-2025,3372.483499999992,-0.15841679391148455,2.7476332161224035,39.861111111111114,1.7325563400152428,720,60,300,10,0.05
4f2d53635540,226,2026,1096.661999999993,-0.21536471248772293,6.958481195105114,37.2093023255814,2.993724921056254,42,60,300,10,0.05
4a08c56944f4,227,2021-2022,1.686000000001286,-0.20501564010582318,0.11986824074303207,36.408977556109726,1.0165151257071212,400,60,300,10,0.1
4a08c56944f4,227,2023-2025,3370.1129999999876,-0.1555191964674304,2.7764902724382874,40.58577405857741,1.7433802840759598,717,60,300,10,0.1
4a08c56944f4,227,2026,1096.661999999993,-0.21536471248772293,6.958481195105114,37.2093023255814,2.993724921056254,42,60,300,10,0.1
1a0a4ca57bf8,228,2021-2022,25.115500000001248,-0.18648270280108892,0.17146961241852646,36.318407960199,1.0300811371775322,401,60,300,10,0.15
1a0a4ca57bf8,228,2023-2025,3308.4844999999923,-0.15849930759618835,2.720987658484061,40.02808988764045,1.72258195717591,712,60,300,10,0.15
1a0a4ca57bf8,228,2026,1070.5629999999928,-0.21536471248772293,6.851078696752816,34.883720930232556,2.9342266665146064,42,60,300,10,0.15
87acd33f5b82,229,2021-2022,12.518500000005588,-0.17552500932199988,0.1426525047004866,36.59147869674185,1.019790926309853,398,60,300,10,0.2
87acd33f5b82,229,2023-2025,3298.917499999995,-0.14795301933729477,2.7320191488351155,40.25423728813559,1.7309383013852622,708,60,300,10,0.2
87acd33f5b82,229,2026,1074.6629999999914,-0.21536471248772293,6.869574861562511,34.883720930232556,2.939855095175307,42,60,300,10,0.2
eaf898c376cf,230,2021-2022,-29.456499999997277,-0.18999677214566313,0.045899453912905085,36.93467336683417,0.9975151553851677,397,60,300,10,0.25
eaf898c376cf,230,2023-2025,3244.323499999997,-0.14676029369559995,2.678818178999787,39.886845827439885,1.7120142986269256,707,60,300,10,0.25
eaf898c376cf,230,2026,1057.6089999999876,-0.21536471248772293,6.796871362576092,34.883720930232556,2.9069786370773523,42,60,300,10,0.25
504e026cc068,231,2021-2022,42.125000000004775,-0.1946199014204334,0.20946619090623536,36.907730673316706,1.037268237864139,400,60,300,14,0.05
504e026cc068,231,2023-2025,3422.076499999993,-0.15678099404074008,2.778416821834917,39.91655076495132,1.7479531945037656,719,60,300,14,0.05
504e026cc068,231,2026,1096.661999999993,-0.21536471248772293,6.958481195105114,37.2093023255814,2.993724921056254,42,60,300,14,0.05
eb51a85f3db2,232,2021-2022,0.8020000000008167,-0.20011616037850433,0.11762650140790219,36.65835411471321,1.0160324899084243,400,60,300,14,0.1
eb51a85f3db2,232,2023-2025,3402.674499999989,-0.1555191964674304,2.7940029229155687,40.58577405857741,1.7494439831867812,717,60,300,14,0.1
eb51a85f3db2,232,2026,1096.661999999993,-0.21536471248772293,6.958481195105114,37.2093023255814,2.993724921056254,42,60,300,14,0.1
4d22e5a9d024,233,2021-2022,23.604500000001735,-0.18805057463692143,0.16816637995217418,36.65835411471321,1.0284455958558547,400,60,300,14,0.15
4d22e5a9d024,233,2023-2025,3354.580499999988,-0.15423453362514683,2.7531629823957906,40.44943820224719,1.7354014143222085,712,60,300,14,0.15
4d22e5a9d024,233,2026,1074.6629999999914,-0.21536471248772293,6.869574861562511,34.883720930232556,2.939855095175307,42,60,300,14,0.15
d6007596f2ae,234,2021-2022,-1.4529999999945176,-0.1790620644629083,0.1108983094493339,37.092731829573935,1.0122440208056602,398,60,300,14,0.2
d6007596f2ae,234,2023-2025,3226.7384999999986,-0.15092960574009617,2.660009011793747,40.11299435028249,1.7010483340732967,708,60,300,14,0.2
d6007596f2ae,234,2026,1062.7929999999888,-0.21536471248772293,6.820193206607994,34.883720930232556,2.9258151212325543,42,60,300,14,0.2
8d60f681fc7c,235,2021-2022,-29.539499999998498,-0.19212542876148087,0.04696444220294378,36.775818639798494,0.9982022278900912,396,60,300,14,0.25
8d60f681fc7c,235,2023-2025,3256.703999999995,-0.14764422583671666,2.689849219066742,39.886845827439885,1.7168052279520276,707,60,300,14,0.25
8d60f681fc7c,235,2026,1062.2789999999877,-0.21536471248772293,6.817914330031375,34.883720930232556,2.9133898783075605,42,60,300,14,0.25
b73d1edc5299,236,2021-2022,29.804000000004407,-0.19459510211667874,0.18190627766098996,36.56716417910448,1.0293439503575443,401,60,300,20,0.05
b73d1edc5299,236,2023-2025,3430.269499999992,-0.15738044202459345,2.7734165603105008,40.055632823365784,1.74588832312076,719,60,300,20,0.05
b73d1edc5299,236,2026,1096.661999999993,-0.21536471248772293,6.958481195105114,37.2093023255814,2.993724921056254,42,60,300,20,0.05
27e9f43a58b1,237,2021-2022,29.887000000002217,-0.19645739472419388,0.1822081435247094,37.1571072319202,1.0314126621258484,400,60,300,20,0.1
27e9f43a58b1,237,2023-2025,3413.6664999999857,-0.1549385828114177,2.8016076234877003,40.4463040446304,1.7489550832391587,717,60,300,20,0.1
27e9f43a58b1,237,2026,1092.3919999999925,-0.21536471248772293,6.941123265151238,37.2093023255814,2.9886456396507737,42,60,300,20,0.1
bf93121e6c56,238,2021-2022,10.01850000000104,-0.19616151713391594,0.1374926495221829,36.907730673316706,1.0218407099339228,400,60,300,20,0.15
bf93121e6c56,238,2023-2025,3365.3229999999885,-0.15697746502225396,2.761128355142748,40.50632911392405,1.7405653642941579,711,60,300,20,0.15
bf93121e6c56,238,2026,1062.7929999999888,-0.21536471248772293,6.820193206607994,34.883720930232556,2.9258151212325543,42,60,300,20,0.15
aee4415d1957,239,2021-2022,-2.3469999999947504,-0.18760061350470658,0.10917356286856345,36.0,1.0118512294982271,399,60,300,20,0.2
aee4415d1957,239,2023-2025,3251.8134999999984,-0.15189481033727636,2.6711396682308486,39.915373765867415,1.7076353618367361,709,60,300,20,0.2
aee4415d1957,239,2026,1067.4629999999888,-0.21536471248772293,6.8411880268330805,34.883720930232556,2.9322549181777586,42,60,300,20,0.2
6f5d687abfcf,240,2021-2022,-29.92899999999645,-0.1860185098204974,0.04498514644700677,36.272040302267,0.9981337720413822,396,60,300,20,0.25
6f5d687abfcf,240,2023-2025,3264.8549999999896,-0.1478000392486467,2.697784747860515,39.886845827439885,1.7204574294796562,707,60,300,20,0.25
6f5d687abfcf,240,2026,1064.8089999999902,-0.21536471248772293,6.8286493323599,34.883720930232556,2.9163640619034146,42,60,300,20,0.25
