variant,period,peak_ts,trough_ts,recover_ts,depth,duration_bars,time_to_trough_bars
baseline_no_shock,2021-2022,2021-01-04 18:15:00+00:00,2021-01-04 18:20:00+00:00,2021-01-04 19:00:00+00:00,-0.0026159470181952305,9,1
baseline_no_shock,2021-2022,2021-01-04 19:00:00+00:00,2021-01-04 19:10:00+00:00,2021-01-04 23:20:00+00:00,-0.008251963359157677,40,2
baseline_no_shock,2021-2022,2021-01-04 23:25:00+00:00,2021-01-05 15:15:00+00:00,2021-01-20 09:10:00+00:00,-0.028660082907806417,3105,190
baseline_no_shock,2021-2022,2021-01-20 09:20:00+00:00,2021-02-01 15:55:00+00:00,2021-03-11 02:10:00+00:00,-0.061426886491599664,9802,2287
baseline_no_shock,2021-2022,2021-03-11 02:10:00+00:00,2021-03-11 02:15:00+00:00,2021-03-11 02:25:00+00:00,-0.000408364636404146,3,1
baseline_no_shock,2021-2022,2021-03-11 02:35:00+00:00,2021-03-11 02:55:00+00:00,2021-03-11 03:15:00+00:00,-0.004425071642163214,8,4
baseline_no_shock,2021-2022,2021-03-11 03:35:00+00:00,2021-03-11 04:35:00+00:00,2021-03-11 05:35:00+00:00,-0.006192937473715299,24,12
baseline_no_shock,2021-2022,2021-03-11 05:35:00+00:00,2021-03-11 05:40:00+00:00,2021-03-11 05:50:00+00:00,-0.0020644163785431546,3,1
baseline_no_shock,2021-2022,2021-03-11 06:00:00+00:00,2021-03-11 07:00:00+00:00,2021-03-11 07:25:00+00:00,-0.006376739879655702,17,12
baseline_no_shock,2021-2022,2021-03-11 07:40:00+00:00,2021-03-11 07:55:00+00:00,2021-03-11 08:10:00+00:00,-0.0014749830921271245,6,3
baseline_no_shock,2021-2022,2021-03-11 08:10:00+00:00,2021-03-11 08:15:00+00:00,2021-03-11 08:20:00+00:00,-0.0007041317410261261,2,1
baseline_no_shock,2021-2022,2021-03-11 08:20:00+00:00,2021-03-11 08:25:00+00:00,2021-03-11 08:30:00+00:00,-0.0015685073760286494,2,1
baseline_no_shock,2021-2022,2021-03-11 08:35:00+00:00,2021-03-11 08:40:00+00:00,2021-03-11 08:45:00+00:00,-0.0009940205104366218,2,1
baseline_no_shock,2021-2022,2021-03-11 08:50:00+00:00,2021-03-11 09:10:00+00:00,2021-03-11 09:15:00+00:00,-0.0023658352664873705,5,4
baseline_no_shock,2021-2022,2021-03-11 09:15:00+00:00,2021-03-11 10:05:00+00:00,2021-03-15 01:15:00+00:00,-0.012754808356485792,468,10
baseline_no_shock,2021-2022,2021-03-15 01:15:00+00:00,2021-03-15 01:20:00+00:00,2021-03-15 01:25:00+00:00,-0.0015524413144639704,2,1
baseline_no_shock,2021-2022,2021-03-15 01:30:00+00:00,2021-03-25 07:15:00+00:00,2021-04-15 14:10:00+00:00,-0.07060567135748941,6224,2277
baseline_no_shock,2021-2022,2021-04-15 14:20:00+00:00,2021-04-15 14:25:00+00:00,2021-04-15 14:30:00+00:00,-0.0005677925361777802,2,1
baseline_no_shock,2021-2022,2021-04-15 14:30:00+00:00,2021-04-15 14:35:00+00:00,2021-04-15 14:40:00+00:00,-0.0006307847548682188,2,1
baseline_no_shock,2021-2022,2021-04-15 14:50:00+00:00,2021-04-15 15:00:00+00:00,2021-04-15 15:30:00+00:00,-0.003247988130251178,8,2
baseline_no_shock,2021-2022,2021-04-15 15:30:00+00:00,2021-04-15 15:35:00+00:00,2021-04-15 15:40:00+00:00,-2.068960328616143e-05,2,1
baseline_no_shock,2021-2022,2021-04-15 15:45:00+00:00,2021-04-15 20:15:00+00:00,2021-04-16 12:15:00+00:00,-0.009804380600998086,234,54
baseline_no_shock,2021-2022,2021-04-16 12:15:00+00:00,2021-04-16 12:20:00+00:00,2021-04-16 12:40:00+00:00,-0.004223617551290859,5,1
baseline_no_shock,2021-2022,2021-04-16 12:40:00+00:00,2021-04-21 13:25:00+00:00,2021-05-06 13:40:00+00:00,-0.05144315416355494,3876,837
baseline_no_shock,2021-2022,2021-05-06 14:05:00+00:00,2021-05-06 14:20:00+00:00,2021-05-06 14:50:00+00:00,-0.006023694416794068,9,3
baseline_no_shock,2021-2022,2021-05-06 15:00:00+00:00,2021-05-06 15:20:00+00:00,2021-05-06 15:25:00+00:00,-0.003214936247722955,5,4
baseline_no_shock,2021-2022,2021-05-06 15:30:00+00:00,2021-05-06 19:05:00+00:00,2021-05-07 03:05:00+00:00,-0.008136508907589213,127,43
baseline_no_shock,2021-2022,2021-05-07 03:10:00+00:00,2021-05-07 03:15:00+00:00,2021-05-07 03:20:00+00:00,-0.002876813175568649,2,1
baseline_no_shock,2021-2022,2021-05-07 03:20:00+00:00,2021-05-07 04:55:00+00:00,2021-05-07 05:20:00+00:00,-0.0034055307050113726,24,19
baseline_no_shock,2021-2022,2021-05-07 05:20:00+00:00,2021-05-07 05:25:00+00:00,2021-05-07 05:30:00+00:00,-0.0009921937167699513,2,1
baseline_no_shock,2021-2022,2021-05-07 05:30:00+00:00,2021-05-07 06:20:00+00:00,2021-05-07 07:20:00+00:00,-0.006435979205722031,22,10
baseline_no_shock,2021-2022,2021-05-07 07:20:00+00:00,2021-05-07 07:55:00+00:00,2021-05-07 08:30:00+00:00,-0.00406749470746004,14,7
baseline_no_shock,2021-2022,2021-05-07 08:40:00+00:00,2021-05-07 12:20:00+00:00,2021-05-07 12:35:00+00:00,-0.0089794185909996,47,44
baseline_no_shock,2021-2022,2021-05-07 12:55:00+00:00,2021-07-28 22:40:00+00:00,2022-02-11 20:25:00+00:00,-0.11209286783669214,54720,16017
baseline_no_shock,2021-2022,2022-02-11 20:25:00+00:00,2022-02-14 16:35:00+00:00,2022-02-15 02:40:00+00:00,-0.016107112077237473,339,230
baseline_no_shock,2021-2022,2022-02-15 02:40:00+00:00,2022-02-15 02:45:00+00:00,2022-02-15 02:50:00+00:00,-0.00034553618599419966,2,1
baseline_no_shock,2021-2022,2022-02-15 02:50:00+00:00,2022-02-15 03:00:00+00:00,2022-02-15 03:05:00+00:00,-0.00019494721195045805,3,2
baseline_no_shock,2021-2022,2022-02-15 03:05:00+00:00,2022-02-15 03:10:00+00:00,2022-02-15 03:15:00+00:00,-0.00039139998556148026,2,1
baseline_no_shock,2021-2022,2022-02-15 03:15:00+00:00,2022-02-15 03:20:00+00:00,2022-02-15 03:25:00+00:00,-0.0008414442590990445,2,1
baseline_no_shock,2021-2022,2022-02-15 03:30:00+00:00,2022-02-15 03:40:00+00:00,2022-02-15 06:20:00+00:00,-0.0038611878698392443,34,2
baseline_no_shock,2021-2022,2022-02-15 06:20:00+00:00,2022-02-16 15:35:00+00:00,2022-02-17 08:40:00+00:00,-0.024241925351471516,580,387
baseline_no_shock,2021-2022,2022-02-17 08:45:00+00:00,2022-02-17 08:50:00+00:00,2022-02-17 08:55:00+00:00,-0.0003577288881628782,2,1
baseline_no_shock,2021-2022,2022-02-17 08:55:00+00:00,2022-02-17 09:00:00+00:00,2022-02-17 09:05:00+00:00,-0.0005847559227047938,2,1
baseline_no_shock,2021-2022,2022-02-17 09:10:00+00:00,2022-02-17 09:15:00+00:00,2022-02-17 09:20:00+00:00,-0.00016362792387991654,2,1
baseline_no_shock,2021-2022,2022-02-17 09:20:00+00:00,2022-02-17 09:25:00+00:00,2022-02-17 09:30:00+00:00,-0.002869166850642868,2,1
baseline_no_shock,2021-2022,2022-02-17 09:30:00+00:00,2022-02-17 11:40:00+00:00,2022-02-17 13:35:00+00:00,-0.015706569157185934,49,26
baseline_no_shock,2021-2022,2022-02-17 13:35:00+00:00,2022-02-17 13:40:00+00:00,2022-02-17 13:45:00+00:00,-0.0006020500357231118,2,1
baseline_no_shock,2021-2022,2022-02-17 13:45:00+00:00,2022-02-17 14:20:00+00:00,2022-02-17 17:15:00+00:00,-0.015055163277708061,42,7
baseline_no_shock,2021-2022,2022-02-17 17:20:00+00:00,2022-02-17 17:25:00+00:00,2022-02-17 17:40:00+00:00,-0.0018487400646085561,4,1
baseline_no_shock,2021-2022,2022-02-17 17:50:00+00:00,2022-02-17 18:10:00+00:00,2022-02-17 18:30:00+00:00,-0.0035724058253018276,8,4
baseline_no_shock,2021-2022,2022-02-17 18:35:00+00:00,2022-02-17 19:00:00+00:00,2022-02-17 19:35:00+00:00,-0.005012950121145998,12,5
baseline_no_shock,2021-2022,2022-02-17 19:35:00+00:00,2022-02-17 20:10:00+00:00,2022-02-18 00:20:00+00:00,-0.0049766729001607946,45,7
baseline_no_shock,2021-2022,2022-02-18 00:30:00+00:00,2022-02-18 20:10:00+00:00,2022-02-21 23:05:00+00:00,-0.022644124005378408,505,236
baseline_no_shock,2021-2022,2022-02-21 23:15:00+00:00,2022-02-21 23:35:00+00:00,2022-02-22 00:15:00+00:00,-0.006425536151589362,12,4
baseline_no_shock,2021-2022,2022-02-22 00:15:00+00:00,2022-02-23 20:30:00+00:00,2022-02-24 03:05:00+00:00,-0.025211164801245856,586,519
baseline_no_shock,2021-2022,2022-02-24 03:10:00+00:00,2022-02-24 03:15:00+00:00,2022-02-24 03:25:00+00:00,-0.006047154569738256,3,1
baseline_no_shock,2021-2022,2022-02-24 03:25:00+00:00,2022-02-24 03:30:00+00:00,2022-02-24 03:35:00+00:00,-8.268815897105597e-06,2,1
baseline_no_shock,2021-2022,2022-02-24 03:35:00+00:00,2022-02-24 03:55:00+00:00,2022-02-24 04:10:00+00:00,-0.005803075712440875,7,4
baseline_no_shock,2021-2022,2022-02-24 04:20:00+00:00,2022-02-24 05:00:00+00:00,2022-02-24 09:40:00+00:00,-0.018033755470453272,64,8
baseline_no_shock,2021-2022,2022-02-24 09:40:00+00:00,2022-02-24 09:45:00+00:00,2022-02-24 09:50:00+00:00,-0.0005120929960880094,2,1
baseline_no_shock,2021-2022,2022-02-24 10:05:00+00:00,2022-02-24 10:10:00+00:00,2022-02-24 10:15:00+00:00,-0.0004955385721853167,2,1
baseline_no_shock,2021-2022,2022-02-24 10:25:00+00:00,2022-02-24 10:35:00+00:00,2022-02-24 10:55:00+00:00,-0.008231121198659319,6,2
baseline_no_shock,2021-2022,2022-02-24 11:00:00+00:00,2022-03-01 09:05:00+00:00,2022-03-08 15:10:00+00:00,-0.07181113920548476,2258,805
baseline_no_shock,2021-2022,2022-03-08 15:10:00+00:00,2022-03-08 15:15:00+00:00,2022-03-08 15:25:00+00:00,-0.008520362322651076,3,1
baseline_no_shock,2021-2022,2022-03-08 15:45:00+00:00,2022-03-08 16:00:00+00:00,2022-03-08 17:00:00+00:00,-0.025645301952930133,15,3
baseline_no_shock,2021-2022,2022-03-08 17:00:00+00:00,2022-10-03 14:45:00+00:00,2022-12-30 22:00:00+00:00,-0.1275748556109677,58106,40713
baseline_no_shock,2023-2025,2023-01-04 02:15:00+00:00,2023-01-04 02:25:00+00:00,2023-01-04 02:40:00+00:00,-0.0017923770205318101,5,2
baseline_no_shock,2023-2025,2023-01-04 02:40:00+00:00,2023-01-04 02:45:00+00:00,2023-01-04 02:50:00+00:00,-0.00012938155616171176,2,1
baseline_no_shock,2023-2025,2023-01-04 02:50:00+00:00,2023-01-04 02:55:00+00:00,2023-01-04 03:00:00+00:00,-0.0007954895741144608,2,1
baseline_no_shock,2023-2025,2023-01-04 03:05:00+00:00,2023-01-04 03:55:00+00:00,2023-01-04 05:00:00+00:00,-0.0022229279136231073,23,10
baseline_no_shock,2023-2025,2023-01-04 05:00:00+00:00,2023-01-04 05:05:00+00:00,2023-01-04 05:10:00+00:00,-0.0014009159529798643,2,1
baseline_no_shock,2023-2025,2023-01-04 05:10:00+00:00,2023-01-04 05:30:00+00:00,2023-01-04 06:10:00+00:00,-0.003755837813659846,12,4
baseline_no_shock,2023-2025,2023-01-04 06:20:00+00:00,2023-01-04 06:25:00+00:00,2023-01-04 06:30:00+00:00,-0.00013150570072295586,2,1
baseline_no_shock,2023-2025,2023-01-04 06:30:00+00:00,2023-01-04 06:50:00+00:00,2023-01-04 07:05:00+00:00,-0.0037166269633376325,7,4
baseline_no_shock,2023-2025,2023-01-04 07:15:00+00:00,2023-01-04 07:20:00+00:00,2023-01-04 07:30:00+00:00,-0.0006489803142636363,3,1
baseline_no_shock,2023-2025,2023-01-04 07:45:00+00:00,2023-01-04 07:50:00+00:00,2023-01-04 08:00:00+00:00,-0.0029264372301052166,3,1
baseline_no_shock,2023-2025,2023-01-04 08:05:00+00:00,2023-01-04 08:10:00+00:00,2023-01-04 08:20:00+00:00,-0.0014826305909345638,3,1
baseline_no_shock,2023-2025,2023-01-04 08:30:00+00:00,2023-01-06 16:20:00+00:00,2023-01-09 01:40:00+00:00,-0.02163141217203457,746,646
baseline_no_shock,2023-2025,2023-01-09 02:05:00+00:00,2023-01-09 02:10:00+00:00,2023-01-09 02:15:00+00:00,-0.0004191174719596624,2,1
baseline_no_shock,2023-2025,2023-01-09 02:25:00+00:00,2023-01-09 02:30:00+00:00,2023-01-09 02:40:00+00:00,-0.0003007670032979526,3,1
baseline_no_shock,2023-2025,2023-01-09 02:40:00+00:00,2023-01-09 02:45:00+00:00,2023-01-09 02:50:00+00:00,-0.0006911995152134587,2,1
baseline_no_shock,2023-2025,2023-01-09 02:50:00+00:00,2023-01-09 02:55:00+00:00,2023-01-09 03:00:00+00:00,-0.00028099322115637815,2,1
baseline_no_shock,2023-2025,2023-01-09 03:00:00+00:00,2023-01-09 05:05:00+00:00,2023-01-09 06:15:00+00:00,-0.007782928793717114,39,25
baseline_no_shock,2023-2025,2023-01-09 06:15:00+00:00,2023-01-09 07:05:00+00:00,2023-01-09 07:20:00+00:00,-0.00466604704584439,13,10
baseline_no_shock,2023-2025,2023-01-09 07:20:00+00:00,2023-02-28 21:00:00+00:00,2023-03-12 22:05:00+00:00,-0.09256944405165157,12241,10022
baseline_no_shock,2023-2025,2023-03-12 22:15:00+00:00,2023-03-13 10:55:00+00:00,2023-03-13 13:45:00+00:00,-0.04681796324654064,186,152
baseline_no_shock,2023-2025,2023-03-13 13:45:00+00:00,2023-03-13 14:00:00+00:00,2023-03-13 14:15:00+00:00,-0.019793609124649225,6,3
baseline_no_shock,2023-2025,2023-03-13 14:15:00+00:00,2023-03-13 14:40:00+00:00,2023-03-13 14:45:00+00:00,-0.004720852558644628,6,5
baseline_no_shock,2023-2025,2023-03-13 14:50:00+00:00,2023-03-13 15:05:00+00:00,2023-03-13 15:30:00+00:00,-0.005696178080136116,8,3
baseline_no_shock,2023-2025,2023-03-13 15:30:00+00:00,2023-03-13 15:50:00+00:00,2023-03-13 17:20:00+00:00,-0.01477725507303329,22,4
baseline_no_shock,2023-2025,2023-03-13 17:20:00+00:00,2023-03-13 18:15:00+00:00,2023-03-13 19:35:00+00:00,-0.006914101068126732,27,11
baseline_no_shock,2023-2025,2023-03-13 19:45:00+00:00,2023-03-15 15:50:00+00:00,2023-03-15 16:20:00+00:00,-0.008695068948864959,511,505
baseline_no_shock,2023-2025,2023-03-15 16:30:00+00:00,2023-03-15 16:35:00+00:00,2023-03-15 16:40:00+00:00,-0.0007280803157454496,2,1
baseline_no_shock,2023-2025,2023-03-15 16:45:00+00:00,2023-03-15 17:00:00+00:00,2023-03-15 17:05:00+00:00,-0.0017661587919474142,4,3
baseline_no_shock,2023-2025,2023-03-15 17:05:00+00:00,2023-03-16 15:25:00+00:00,2023-03-17 14:35:00+00:00,-0.06054265038661999,522,256
baseline_no_shock,2023-2025,2023-03-17 14:35:00+00:00,2023-03-17 14:40:00+00:00,2023-03-17 14:45:00+00:00,-0.0014697485661040455,2,1
baseline_no_shock,2023-2025,2023-03-17 14:45:00+00:00,2023-03-17 14:50:00+00:00,2023-03-17 14:55:00+00:00,-0.0007921765249624402,2,1
baseline_no_shock,2023-2025,2023-03-17 14:55:00+00:00,2023-03-17 15:20:00+00:00,2023-03-17 17:05:00+00:00,-0.011479040407389118,26,5
baseline_no_shock,2023-2025,2023-03-17 17:10:00+00:00,2023-03-17 17:15:00+00:00,2023-03-17 17:25:00+00:00,-0.004284157783944531,3,1
baseline_no_shock,2023-2025,2023-03-17 17:35:00+00:00,2023-03-17 17:40:00+00:00,2023-03-17 17:50:00+00:00,-0.000732609028948894,3,1
baseline_no_shock,2023-2025,2023-03-17 17:55:00+00:00,2023-03-17 18:00:00+00:00,2023-03-17 18:05:00+00:00,-0.0020109448143998954,2,1
baseline_no_shock,2023-2025,2023-03-17 18:05:00+00:00,2023-03-17 18:10:00+00:00,2023-03-17 18:15:00+00:00,-0.0028511199219838357,2,1
baseline_no_shock,2023-2025,2023-03-17 18:30:00+00:00,2023-03-17 18:35:00+00:00,2023-03-17 18:45:00+00:00,-0.001929791292514138,3,1
baseline_no_shock,2023-2025,2023-03-17 18:55:00+00:00,2023-03-17 19:45:00+00:00,2023-03-17 21:00:00+00:00,-0.020714232303937985,25,10
baseline_no_shock,2023-2025,2023-03-17 21:00:00+00:00,2023-03-20 05:20:00+00:00,2023-03-20 06:05:00+00:00,-0.02511030832222283,97,88
baseline_no_shock,2023-2025,2023-03-20 06:05:00+00:00,2023-03-20 06:15:00+00:00,2023-03-20 07:05:00+00:00,-0.01210794106025126,12,2
baseline_no_shock,2023-2025,2023-03-20 07:10:00+00:00,2023-03-20 07:15:00+00:00,2023-03-20 07:20:00+00:00,-0.0034452949903461816,2,1
baseline_no_shock,2023-2025,2023-03-20 07:35:00+00:00,2023-03-20 07:40:00+00:00,2023-03-20 07:45:00+00:00,-0.0009006760407034298,2,1
baseline_no_shock,2023-2025,2023-03-20 07:45:00+00:00,2023-03-23 15:05:00+00:00,2023-04-13 08:35:00+00:00,-0.0664352119454581,4702,916
baseline_no_shock,2023-2025,2023-04-13 08:35:00+00:00,2023-04-13 11:15:00+00:00,2023-04-13 12:05:00+00:00,-0.005158983296808195,42,32
baseline_no_shock,2023-2025,2023-04-13 12:05:00+00:00,2023-04-13 12:15:00+00:00,2023-04-13 12:20:00+00:00,-0.0015015168760913467,3,2
baseline_no_shock,2023-2025,2023-04-13 12:20:00+00:00,2023-04-13 12:25:00+00:00,2023-04-13 12:40:00+00:00,-0.001530475490908123,4,1
baseline_no_shock,2023-2025,2023-04-13 13:00:00+00:00,2023-04-13 13:45:00+00:00,2023-04-13 14:00:00+00:00,-0.006943654636984431,12,9
baseline_no_shock,2023-2025,2023-04-13 14:00:00+00:00,2023-07-17 13:10:00+00:00,2023-10-18 01:50:00+00:00,-0.16861042603463183,36704,18392
baseline_no_shock,2023-2025,2023-10-18 01:50:00+00:00,2023-10-18 01:55:00+00:00,2023-10-18 02:10:00+00:00,-0.0022308122687511034,4,1
baseline_no_shock,2023-2025,2023-10-18 02:10:00+00:00,2023-10-18 02:20:00+00:00,2023-10-18 02:30:00+00:00,-0.001286755945289375,4,2
baseline_no_shock,2023-2025,2023-10-18 02:30:00+00:00,2023-10-18 06:50:00+00:00,2023-10-18 09:35:00+00:00,-0.010290302361929737,85,52
baseline_no_shock,2023-2025,2023-10-18 09:45:00+00:00,2023-10-18 10:25:00+00:00,2023-10-18 11:00:00+00:00,-0.0028300171540148744,15,8
baseline_no_shock,2023-2025,2023-10-18 11:10:00+00:00,2023-10-18 11:20:00+00:00,2023-10-18 11:25:00+00:00,-7.899455727533589e-05,3,2
baseline_no_shock,2023-2025,2023-10-18 11:35:00+00:00,2023-10-18 11:50:00+00:00,2023-10-18 12:05:00+00:00,-0.0039832471859890806,6,3
baseline_no_shock,2023-2025,2023-10-18 12:10:00+00:00,2023-10-18 12:20:00+00:00,2023-10-18 12:25:00+00:00,-0.002436168457119803,3,2
baseline_no_shock,2023-2025,2023-10-18 12:25:00+00:00,2023-10-18 12:45:00+00:00,2023-10-18 13:25:00+00:00,-0.004914004914005066,12,4
baseline_no_shock,2023-2025,2023-10-18 13:45:00+00:00,2023-10-18 15:15:00+00:00,2023-10-19 17:20:00+00:00,-0.027453316212076917,319,18
baseline_no_shock,2023-2025,2023-10-19 17:35:00+00:00,2023-10-19 17:50:00+00:00,2023-10-19 18:00:00+00:00,-0.003689895569138235,5,3
baseline_no_shock,2023-2025,2023-10-19 18:05:00+00:00,2023-10-19 18:25:00+00:00,2023-10-19 19:15:00+00:00,-0.0056879264991803735,14,4
baseline_no_shock,2023-2025,2023-10-19 19:25:00+00:00,2023-10-19 23:00:00+00:00,2023-10-19 23:35:00+00:00,-0.007503492468415862,38,31
baseline_no_shock,2023-2025,2023-10-19 23:40:00+00:00,2023-10-20 01:10:00+00:00,2023-10-20 02:05:00+00:00,-0.009231272821505265,29,18
baseline_no_shock,2023-2025,2023-10-20 02:05:00+00:00,2023-10-20 02:10:00+00:00,2023-10-20 02:50:00+00:00,-0.0017746322975508155,9,1
baseline_no_shock,2023-2025,2023-10-20 02:55:00+00:00,2023-10-20 06:35:00+00:00,2023-10-20 07:40:00+00:00,-0.01079151617671159,57,44
baseline_no_shock,2023-2025,2023-10-20 07:40:00+00:00,2023-10-20 07:55:00+00:00,2023-10-20 08:15:00+00:00,-0.0034439151591839634,7,3
baseline_no_shock,2023-2025,2023-10-20 08:25:00+00:00,2023-10-20 08:35:00+00:00,2023-10-20 09:20:00+00:00,-0.004613455097105645,11,2
baseline_no_shock,2023-2025,2023-10-20 09:20:00+00:00,2023-10-25 03:45:00+00:00,2023-10-25 15:45:00+00:00,-0.02242708028485063,905,761
baseline_no_shock,2023-2025,2023-10-25 15:55:00+00:00,2023-10-25 16:05:00+00:00,2023-10-25 16:20:00+00:00,-0.0036853437634201125,5,2
baseline_no_shock,2023-2025,2023-10-25 16:20:00+00:00,2023-10-25 17:05:00+00:00,2023-10-25 17:30:00+00:00,-0.008918906990678876,14,9
baseline_no_shock,2023-2025,2023-10-25 17:35:00+00:00,2023-10-25 17:40:00+00:00,2023-10-25 17:45:00+00:00,-0.0010010511036590009,2,1
baseline_no_shock,2023-2025,2023-10-25 17:50:00+00:00,2023-10-25 20:35:00+00:00,2023-10-26 01:50:00+00:00,-0.009927035172730747,84,33
baseline_no_shock,2023-2025,2023-10-26 01:55:00+00:00,2023-10-26 02:00:00+00:00,2023-10-26 02:05:00+00:00,-0.0014015803564040308,2,1
baseline_no_shock,2023-2025,2023-10-26 02:05:00+00:00,2023-10-26 03:10:00+00:00,2023-10-26 03:45:00+00:00,-0.003970373416226969,20,13
baseline_no_shock,2023-2025,2023-10-26 03:45:00+00:00,2023-10-26 03:50:00+00:00,2023-10-26 04:05:00+00:00,-0.0011584536986817273,4,1
baseline_no_shock,2023-2025,2023-10-26 04:10:00+00:00,2023-10-26 04:15:00+00:00,2023-10-26 04:20:00+00:00,-0.0007725776533399342,2,1
baseline_no_shock,2023-2025,2023-10-26 04:25:00+00:00,2023-10-26 04:35:00+00:00,2023-10-26 04:50:00+00:00,-0.0005591379325708967,5,2
baseline_no_shock,2023-2025,2023-10-26 04:55:00+00:00,2023-10-26 05:00:00+00:00,2023-10-26 05:05:00+00:00,-0.0009274352409072151,2,1
baseline_no_shock,2023-2025,2023-10-26 05:10:00+00:00,2023-10-26 06:05:00+00:00,2023-10-26 08:35:00+00:00,-0.007365632832475488,41,11
baseline_no_shock,2023-2025,2023-10-26 08:55:00+00:00,2023-11-02 14:10:00+00:00,2023-11-16 16:15:00+00:00,-0.026383173634557666,4216,1443
baseline_no_shock,2023-2025,2023-11-16 16:15:00+00:00,2023-11-17 13:50:00+00:00,2023-11-21 03:55:00+00:00,-0.018584834302462938,680,247
baseline_no_shock,2023-2025,2023-11-21 03:55:00+00:00,2023-11-21 04:00:00+00:00,2023-11-21 04:05:00+00:00,-0.0008762417423258118,2,1
baseline_no_shock,2023-2025,2023-11-21 04:05:00+00:00,2023-11-24 08:15:00+00:00,2023-11-27 01:10:00+00:00,-0.018164617957115103,976,836
baseline_no_shock,2023-2025,2023-11-27 01:30:00+00:00,2023-11-28 14:45:00+00:00,2023-11-28 17:15:00+00:00,-0.024288830269593276,465,435
baseline_no_shock,2023-2025,2023-11-28 17:15:00+00:00,2023-11-28 18:40:00+00:00,2023-11-28 23:30:00+00:00,-0.005712649396628633,63,17
baseline_no_shock,2023-2025,2023-11-28 23:40:00+00:00,2023-11-28 23:50:00+00:00,2023-11-28 23:55:00+00:00,-0.0003607540047302349,3,2
baseline_no_shock,2023-2025,2023-11-29 00:05:00+00:00,2023-11-29 00:15:00+00:00,2023-11-29 00:35:00+00:00,-0.0016864791936036516,6,2
baseline_no_shock,2023-2025,2023-11-29 00:50:00+00:00,2023-11-29 00:55:00+00:00,2023-11-29 01:00:00+00:00,-0.0011382216253519317,2,1
baseline_no_shock,2023-2025,2023-11-29 01:00:00+00:00,2023-11-29 01:10:00+00:00,2023-11-29 01:30:00+00:00,-0.002111647550210427,6,2
baseline_no_shock,2023-2025,2023-11-29 01:30:00+00:00,2023-12-01 08:05:00+00:00,2023-12-01 09:30:00+00:00,-0.010979898922257592,648,631
baseline_no_shock,2023-2025,2023-12-01 09:40:00+00:00,2023-12-01 17:05:00+00:00,2023-12-01 18:35:00+00:00,-0.019629109869391925,107,89
baseline_no_shock,2023-2025,2023-12-01 18:35:00+00:00,2023-12-01 20:00:00+00:00,2023-12-03 23:05:00+00:00,-0.009777554068743477,42,17
baseline_no_shock,2023-2025,2023-12-03 23:05:00+00:00,2023-12-03 23:10:00+00:00,2023-12-03 23:15:00+00:00,-0.0015413519147930987,2,1
baseline_no_shock,2023-2025,2023-12-03 23:35:00+00:00,2024-02-16 13:40:00+00:00,2024-04-05 15:40:00+00:00,-0.17990275421303092,23879,14491
baseline_no_shock,2023-2025,2024-04-05 15:40:00+00:00,2024-04-05 15:45:00+00:00,2024-04-05 16:05:00+00:00,-0.0027881466721135784,5,1
baseline_no_shock,2023-2025,2024-04-05 16:10:00+00:00,2024-04-05 16:20:00+00:00,2024-04-05 17:05:00+00:00,-0.007638050920556028,11,2
baseline_no_shock,2023-2025,2024-04-05 17:10:00+00:00,2024-04-08 12:45:00+00:00,2024-04-09 09:25:00+00:00,-0.03337563365350005,459,223
baseline_no_shock,2023-2025,2024-04-09 09:30:00+00:00,2024-04-11 06:25:00+00:00,2024-04-11 20:20:00+00:00,-0.030577520558694893,682,515
baseline_no_shock,2023-2025,2024-04-11 20:25:00+00:00,2024-04-11 20:30:00+00:00,2024-04-11 20:35:00+00:00,-0.0008819474687624673,2,1
baseline_no_shock,2023-2025,2024-04-11 20:45:00+00:00,2024-04-11 21:00:00+00:00,2024-04-11 22:25:00+00:00,-0.00671869264261471,8,3
baseline_no_shock,2023-2025,2024-04-11 22:25:00+00:00,2024-04-11 22:40:00+00:00,2024-04-12 01:00:00+00:00,-0.006364434180286871,31,3
baseline_no_shock,2023-2025,2024-04-12 01:05:00+00:00,2024-04-12 01:30:00+00:00,2024-04-12 01:35:00+00:00,-0.004997106554044062,6,5
baseline_no_shock,2023-2025,2024-04-12 01:40:00+00:00,2024-04-12 01:45:00+00:00,2024-04-12 01:50:00+00:00,-0.0004897021590924977,2,1
baseline_no_shock,2023-2025,2024-04-12 01:50:00+00:00,2024-04-12 01:55:00+00:00,2024-04-12 02:00:00+00:00,-0.0028159914140737374,2,1
baseline_no_shock,2023-2025,2024-04-12 02:05:00+00:00,2024-04-12 02:10:00+00:00,2024-04-12 02:15:00+00:00,-0.0007598757883241491,2,1
baseline_no_shock,2023-2025,2024-04-12 02:15:00+00:00,2024-04-12 03:50:00+00:00,2024-04-12 06:50:00+00:00,-0.013296244801926704,55,19
baseline_no_shock,2023-2025,2024-04-12 06:50:00+00:00,2024-04-12 06:55:00+00:00,2024-04-12 07:00:00+00:00,-0.0004152867035578378,2,1
baseline_no_shock,2023-2025,2024-04-12 07:00:00+00:00,2024-04-12 07:05:00+00:00,2024-04-12 07:10:00+00:00,-0.00014886677522851777,2,1
baseline_no_shock,2023-2025,2024-04-12 07:15:00+00:00,2024-04-12 07:35:00+00:00,2024-04-12 08:00:00+00:00,-0.005563073457287682,9,4
baseline_no_shock,2023-2025,2024-04-12 08:05:00+00:00,2024-04-12 11:35:00+00:00,2024-04-12 14:55:00+00:00,-0.010628600922247933,82,42
baseline_no_shock,2023-2025,2024-04-12 15:05:00+00:00,2024-05-09 13:20:00+00:00,2024-05-20 05:35:00+00:00,-0.170219814836158,7062,5223
baseline_no_shock,2023-2025,2024-05-20 05:50:00+00:00,2024-07-03 02:35:00+00:00,2024-07-16 19:45:00+00:00,-0.1061339080140169,11393,8733
baseline_no_shock,2023-2025,2024-07-16 19:45:00+00:00,2024-07-16 19:50:00+00:00,2024-07-16 19:55:00+00:00,-1.640644226297283e-05,2,1
baseline_no_shock,2023-2025,2024-07-16 20:10:00+00:00,2024-07-16 20:20:00+00:00,2024-07-16 20:50:00+00:00,-0.002125624595421982,8,2
baseline_no_shock,2023-2025,2024-07-16 20:50:00+00:00,2024-07-16 22:20:00+00:00,2024-07-16 22:45:00+00:00,-0.002478986197683275,11,6
baseline_no_shock,2023-2025,2024-07-16 22:45:00+00:00,2024-07-16 22:50:00+00:00,2024-07-16 23:05:00+00:00,-0.0008239288319352722,4,1
baseline_no_shock,2023-2025,2024-07-16 23:05:00+00:00,2024-07-16 23:10:00+00:00,2024-07-16 23:15:00+00:00,-0.0005086814975584497,2,1
baseline_no_shock,2023-2025,2024-07-16 23:15:00+00:00,2024-07-17 00:15:00+00:00,2024-07-17 00:45:00+00:00,-0.0035356871882658014,18,12
baseline_no_shock,2023-2025,2024-07-17 00:45:00+00:00,2024-07-17 01:00:00+00:00,2024-07-17 01:20:00+00:00,-0.004740363011533244,7,3
baseline_no_shock,2023-2025,2024-07-17 01:25:00+00:00,2024-07-17 01:30:00+00:00,2024-07-17 01:45:00+00:00,-0.002872852712136331,4,1
baseline_no_shock,2023-2025,2024-07-17 01:55:00+00:00,2024-07-17 02:00:00+00:00,2024-07-17 02:10:00+00:00,-0.0007456760357543724,3,1
baseline_no_shock,2023-2025,2024-07-17 02:10:00+00:00,2024-07-30 15:50:00+00:00,2024-07-31 20:05:00+00:00,-0.041752378043250826,2975,2648
baseline_no_shock,2023-2025,2024-07-31 20:05:00+00:00,2024-07-31 23:35:00+00:00,2024-08-01 01:15:00+00:00,-0.0067459489118575355,50,30
baseline_no_shock,2023-2025,2024-08-01 01:30:00+00:00,2024-09-10 14:30:00+00:00,2024-10-21 09:40:00+00:00,-0.11535440754650184,15788,7854
baseline_no_shock,2023-2025,2024-10-21 09:45:00+00:00,2024-10-21 10:35:00+00:00,2024-10-21 11:30:00+00:00,-0.009484845707934175,21,10
baseline_no_shock,2023-2025,2024-10-21 11:35:00+00:00,2024-10-21 11:40:00+00:00,2024-10-21 11:45:00+00:00,-7.090220694871974e-05,2,1
baseline_no_shock,2023-2025,2024-10-21 11:45:00+00:00,2024-10-21 12:05:00+00:00,2024-10-21 12:30:00+00:00,-0.005080779076395592,9,4
baseline_no_shock,2023-2025,2024-10-21 12:30:00+00:00,2024-10-21 12:40:00+00:00,2024-10-21 13:00:00+00:00,-0.0010045736398460736,6,2
baseline_no_shock,2023-2025,2024-10-21 13:00:00+00:00,2024-10-21 13:05:00+00:00,2024-10-21 13:10:00+00:00,-0.0009608911410553533,2,1
baseline_no_shock,2023-2025,2024-10-21 13:10:00+00:00,2024-10-21 13:30:00+00:00,2024-10-21 13:45:00+00:00,-0.0036800983087568184,7,4
baseline_no_shock,2023-2025,2024-10-21 13:45:00+00:00,2024-10-22 11:55:00+00:00,2024-10-23 08:40:00+00:00,-0.02687251068719554,491,254
baseline_no_shock,2023-2025,2024-10-23 08:45:00+00:00,2024-10-23 11:05:00+00:00,2024-10-24 11:50:00+00:00,-0.009633707264768643,313,28
baseline_no_shock,2023-2025,2024-10-24 11:50:00+00:00,2024-10-24 12:20:00+00:00,2024-10-24 12:40:00+00:00,-0.0032125357144543454,10,6
baseline_no_shock,2023-2025,2024-10-24 12:45:00+00:00,2024-10-24 12:50:00+00:00,2024-10-24 13:20:00+00:00,-0.002225978520188243,7,1
baseline_no_shock,2023-2025,2024-10-24 13:20:00+00:00,2024-10-24 13:25:00+00:00,2024-10-24 13:30:00+00:00,-0.0010334752012929327,2,1
baseline_no_shock,2023-2025,2024-10-24 13:30:00+00:00,2024-10-28 18:30:00+00:00,2024-10-29 21:00:00+00:00,-0.029945507265404014,918,612
baseline_no_shock,2023-2025,2024-10-29 21:00:00+00:00,2024-10-29 22:10:00+00:00,2024-10-29 22:35:00+00:00,-0.001862747711031787,7,2
baseline_no_shock,2023-2025,2024-10-29 22:40:00+00:00,2024-10-29 22:45:00+00:00,2024-10-29 22:50:00+00:00,-6.676636720359674e-05,2,1
baseline_no_shock,2023-2025,2024-10-29 22:50:00+00:00,2024-10-29 23:25:00+00:00,2024-10-29 23:55:00+00:00,-0.0014020805727799068,13,7
baseline_no_shock,2023-2025,2024-10-30 00:20:00+00:00,2024-10-30 00:30:00+00:00,2024-10-30 00:40:00+00:00,-0.0014112223080424702,4,2
baseline_no_shock,2023-2025,2024-10-30 00:40:00+00:00,2024-10-30 00:45:00+00:00,2024-10-30 01:10:00+00:00,-0.0013336035139025482,6,1
baseline_no_shock,2023-2025,2024-10-30 01:10:00+00:00,2024-10-30 01:30:00+00:00,2024-10-30 01:40:00+00:00,-0.002319110137628977,6,4
baseline_no_shock,2023-2025,2024-10-30 01:55:00+00:00,2024-10-30 02:35:00+00:00,2024-10-30 05:35:00+00:00,-0.006408210130734782,44,8
baseline_no_shock,2023-2025,2024-10-30 05:35:00+00:00,2024-10-30 05:40:00+00:00,2024-10-30 05:45:00+00:00,-0.0007831646290369365,2,1
baseline_no_shock,2023-2025,2024-10-30 05:45:00+00:00,2024-10-30 05:50:00+00:00,2024-10-30 05:55:00+00:00,-0.0004081759261431728,2,1
baseline_no_shock,2023-2025,2024-10-30 05:55:00+00:00,2024-10-30 06:05:00+00:00,2024-10-30 06:10:00+00:00,-0.0023887009402643322,3,2
baseline_no_shock,2023-2025,2024-10-30 06:25:00+00:00,2024-10-30 06:30:00+00:00,2024-10-30 06:40:00+00:00,-0.000571816218267851,3,1
baseline_no_shock,2023-2025,2024-10-30 06:50:00+00:00,2024-10-30 08:55:00+00:00,2024-11-18 13:30:00+00:00,-0.009358806432147038,3656,25
baseline_no_shock,2023-2025,2024-11-18 13:40:00+00:00,2024-11-18 13:45:00+00:00,2024-11-18 13:50:00+00:00,-0.00030376679422039476,2,1
baseline_no_shock,2023-2025,2024-11-18 13:55:00+00:00,2024-11-18 14:05:00+00:00,2024-11-18 14:10:00+00:00,-0.0009496461566932402,3,2
baseline_no_shock,2023-2025,2024-11-18 14:15:00+00:00,2024-11-18 14:25:00+00:00,2024-11-18 14:35:00+00:00,-0.0044723619379934965,4,2
baseline_no_shock,2023-2025,2024-11-18 14:40:00+00:00,2024-11-18 14:55:00+00:00,2024-11-18 15:20:00+00:00,-0.0034650769661667136,8,3
baseline_no_shock,2023-2025,2024-11-18 15:35:00+00:00,2024-11-18 15:50:00+00:00,2024-11-18 16:00:00+00:00,-0.0028420379965165,5,3
baseline_no_shock,2023-2025,2024-11-18 16:10:00+00:00,2024-11-18 16:15:00+00:00,2024-11-18 16:20:00+00:00,-0.0011891558719592243,2,1
baseline_no_shock,2023-2025,2024-11-18 16:20:00+00:00,2024-11-18 17:35:00+00:00,2024-11-19 01:15:00+00:00,-0.007376018178293586,95,15
baseline_no_shock,2023-2025,2024-11-19 01:15:00+00:00,2024-11-19 01:30:00+00:00,2024-11-19 02:10:00+00:00,-0.005190347118950611,11,3
baseline_no_shock,2023-2025,2024-11-19 02:20:00+00:00,2024-11-19 02:25:00+00:00,2024-11-19 02:30:00+00:00,-0.0007452492477638684,2,1
baseline_no_shock,2023-2025,2024-11-19 02:45:00+00:00,2024-11-19 02:55:00+00:00,2024-11-19 03:05:00+00:00,-0.0014860139123484828,4,2
baseline_no_shock,2023-2025,2024-11-19 03:15:00+00:00,2024-11-19 06:10:00+00:00,2024-11-19 06:55:00+00:00,-0.0039796124069476635,44,35
baseline_no_shock,2023-2025,2024-11-19 06:55:00+00:00,2024-11-19 15:00:00+00:00,2024-11-20 01:05:00+00:00,-0.012464453954803001,206,97
baseline_no_shock,2023-2025,2024-11-20 01:05:00+00:00,2024-11-20 01:35:00+00:00,2024-11-20 02:15:00+00:00,-0.004071673762732542,14,6
baseline_no_shock,2023-2025,2024-11-20 02:20:00+00:00,2024-11-20 18:25:00+00:00,2024-11-21 07:45:00+00:00,-0.007713304766572504,341,193
baseline_no_shock,2023-2025,2024-11-21 07:45:00+00:00,2024-11-21 07:55:00+00:00,2024-11-21 08:20:00+00:00,-0.0007594290656959268,7,2
baseline_no_shock,2023-2025,2024-11-21 08:40:00+00:00,2024-11-21 08:55:00+00:00,2024-11-21 09:05:00+00:00,-0.0017130824877199524,5,3
baseline_no_shock,2023-2025,2024-11-21 09:05:00+00:00,2024-11-21 09:50:00+00:00,2024-11-21 11:20:00+00:00,-0.003328088264004103,27,9
baseline_no_shock,2023-2025,2024-11-21 11:25:00+00:00,2024-11-21 23:20:00+00:00,2024-11-22 02:25:00+00:00,-0.0063610969753399305,168,131
baseline_no_shock,2023-2025,2024-11-22 02:45:00+00:00,2024-11-22 02:50:00+00:00,2024-11-22 02:55:00+00:00,-0.00024306874287916003,2,1
baseline_no_shock,2023-2025,2024-11-22 02:55:00+00:00,2024-11-22 03:00:00+00:00,2024-11-22 03:05:00+00:00,-0.00012761031455932326,2,1
baseline_no_shock,2023-2025,2024-11-22 03:20:00+00:00,2024-11-22 03:45:00+00:00,2024-11-22 04:50:00+00:00,-0.008575340392302566,18,5
baseline_no_shock,2023-2025,2024-11-22 04:50:00+00:00,2024-11-22 05:50:00+00:00,2024-11-22 06:55:00+00:00,-0.007822768155730131,25,12
baseline_no_shock,2023-2025,2024-11-22 07:00:00+00:00,2024-11-22 07:15:00+00:00,2024-11-22 07:35:00+00:00,-0.0023091465178411985,7,3
baseline_no_shock,2023-2025,2024-11-22 07:40:00+00:00,2024-11-22 07:45:00+00:00,2024-11-22 07:50:00+00:00,-0.000963060343117772,2,1
baseline_no_shock,2023-2025,2024-11-22 07:55:00+00:00,2024-11-22 08:05:00+00:00,2024-11-22 08:20:00+00:00,-0.0031193803776251583,5,2
baseline_no_shock,2023-2025,2024-11-22 08:20:00+00:00,2024-11-22 08:30:00+00:00,2024-11-22 08:40:00+00:00,-0.002413518974393569,4,2
baseline_no_shock,2023-2025,2024-11-22 08:40:00+00:00,2024-11-22 08:45:00+00:00,2024-11-22 08:50:00+00:00,-0.000676658677956743,2,1
baseline_no_shock,2023-2025,2024-11-22 08:50:00+00:00,2024-11-22 09:25:00+00:00,2024-11-22 09:35:00+00:00,-0.005490715711255922,9,7
baseline_no_shock,2023-2025,2024-11-22 09:45:00+00:00,2024-11-22 10:00:00+00:00,2024-11-22 10:10:00+00:00,-0.0016237742196073546,5,3
baseline_no_shock,2023-2025,2024-11-22 10:15:00+00:00,2024-11-22 10:20:00+00:00,2024-11-22 10:25:00+00:00,-0.0010363435424867173,2,1
baseline_no_shock,2023-2025,2024-11-22 10:25:00+00:00,2024-11-22 10:30:00+00:00,2024-11-22 11:05:00+00:00,-0.0019854463545075918,8,1
baseline_no_shock,2023-2025,2024-11-22 11:05:00+00:00,2024-12-09 08:35:00+00:00,2025-01-02 15:40:00+00:00,-0.05714154858715503,7410,2949
baseline_no_shock,2023-2025,2025-01-02 15:40:00+00:00,2025-01-02 15:45:00+00:00,2025-01-02 15:50:00+00:00,-0.0006872683801875112,2,1
baseline_no_shock,2023-2025,2025-01-02 15:55:00+00:00,2025-01-02 16:05:00+00:00,2025-01-02 16:20:00+00:00,-0.004306842518210785,5,2
baseline_no_shock,2023-2025,2025-01-02 16:25:00+00:00,2025-01-02 16:35:00+00:00,2025-01-02 16:40:00+00:00,-0.0016501654585538983,3,2
baseline_no_shock,2023-2025,2025-01-02 16:40:00+00:00,2025-01-02 16:45:00+00:00,2025-01-02 16:50:00+00:00,-0.0003556623018581284,2,1
baseline_no_shock,2023-2025,2025-01-02 16:55:00+00:00,2025-01-02 17:00:00+00:00,2025-01-02 17:05:00+00:00,-0.0006947341025466125,2,1
baseline_no_shock,2023-2025,2025-01-02 17:05:00+00:00,2025-01-02 17:50:00+00:00,2025-01-03 00:05:00+00:00,-0.007731718503049989,72,9
baseline_no_shock,2023-2025,2025-01-03 00:10:00+00:00,2025-01-03 00:45:00+00:00,2025-01-03 01:00:00+00:00,-0.0018479684227524773,10,7
baseline_no_shock,2023-2025,2025-01-03 01:00:00+00:00,2025-01-03 01:10:00+00:00,2025-01-03 01:15:00+00:00,-0.000710118629855927,3,2
baseline_no_shock,2023-2025,2025-01-03 01:15:00+00:00,2025-01-03 02:05:00+00:00,2025-01-03 02:20:00+00:00,-0.004395465937808485,13,10
baseline_no_shock,2023-2025,2025-01-03 02:20:00+00:00,2025-01-03 02:30:00+00:00,2025-01-03 02:55:00+00:00,-0.0025746286270221796,7,2
baseline_no_shock,2023-2025,2025-01-03 03:00:00+00:00,2025-01-03 03:05:00+00:00,2025-01-03 03:10:00+00:00,-0.0011282161421244385,2,1
baseline_no_shock,2023-2025,2025-01-03 03:25:00+00:00,2025-01-07 07:55:00+00:00,2025-01-07 12:50:00+00:00,-0.013120870818781993,665,606
baseline_no_shock,2023-2025,2025-01-07 13:30:00+00:00,2025-01-07 13:35:00+00:00,2025-01-07 13:45:00+00:00,-0.0016712301880167368,3,1
baseline_no_shock,2023-2025,2025-01-07 13:45:00+00:00,2025-01-07 13:50:00+00:00,2025-01-07 13:55:00+00:00,-0.000705140929592063,2,1
baseline_no_shock,2023-2025,2025-01-07 13:55:00+00:00,2025-01-15 05:20:00+00:00,2025-01-21 02:10:00+00:00,-0.03173846022656368,2588,1553
baseline_no_shock,2023-2025,2025-01-21 02:10:00+00:00,2025-01-21 02:15:00+00:00,2025-01-21 02:25:00+00:00,-0.0006503879118062716,3,1
baseline_no_shock,2023-2025,2025-01-21 02:45:00+00:00,2025-01-21 03:10:00+00:00,2025-01-21 03:25:00+00:00,-0.003908066687295486,8,5
baseline_no_shock,2023-2025,2025-01-21 03:25:00+00:00,2025-01-21 03:45:00+00:00,2025-01-21 04:30:00+00:00,-0.0032412550703329046,13,4
baseline_no_shock,2023-2025,2025-01-21 04:30:00+00:00,2025-01-21 04:45:00+00:00,2025-01-21 04:55:00+00:00,-0.0017205830482424078,5,3
baseline_no_shock,2023-2025,2025-01-21 04:55:00+00:00,2025-01-21 05:00:00+00:00,2025-01-21 05:05:00+00:00,-0.0003823803908664658,2,1
baseline_no_shock,2023-2025,2025-01-21 05:05:00+00:00,2025-01-21 06:40:00+00:00,2025-01-21 07:40:00+00:00,-0.004875296218471936,31,19
baseline_no_shock,2023-2025,2025-01-21 07:45:00+00:00,2025-01-21 09:15:00+00:00,2025-01-21 15:50:00+00:00,-0.013198892102429749,97,18
baseline_no_shock,2023-2025,2025-01-21 15:55:00+00:00,2025-01-21 16:00:00+00:00,2025-01-21 16:15:00+00:00,-0.0010363491698713867,4,1
baseline_no_shock,2023-2025,2025-01-21 16:25:00+00:00,2025-01-21 16:40:00+00:00,2025-01-21 17:05:00+00:00,-0.0034242889102443774,8,3
baseline_no_shock,2023-2025,2025-01-21 17:10:00+00:00,2025-01-21 17:20:00+00:00,2025-01-21 17:25:00+00:00,-0.002911197645677821,3,2
baseline_no_shock,2023-2025,2025-01-21 17:25:00+00:00,2025-01-21 18:00:00+00:00,2025-01-21 18:40:00+00:00,-0.005009969685044191,15,7
baseline_no_shock,2023-2025,2025-01-21 18:45:00+00:00,2025-01-21 20:25:00+00:00,2025-01-22 00:50:00+00:00,-0.0050307251422117005,61,20
baseline_no_shock,2023-2025,2025-01-22 01:10:00+00:00,2025-01-22 01:15:00+00:00,2025-01-22 01:20:00+00:00,-0.000369968524414066,2,1
baseline_no_shock,2023-2025,2025-01-22 01:20:00+00:00,2025-01-22 02:45:00+00:00,2025-01-22 03:30:00+00:00,-0.0023369388104673705,26,17
baseline_no_shock,2023-2025,2025-01-22 03:40:00+00:00,2025-01-22 03:50:00+00:00,2025-01-22 04:15:00+00:00,-0.0020518244694943677,7,2
baseline_no_shock,2023-2025,2025-01-22 04:20:00+00:00,2025-01-22 04:25:00+00:00,2025-01-22 04:30:00+00:00,-0.00016409486426649522,2,1
baseline_no_shock,2023-2025,2025-01-22 04:30:00+00:00,2025-01-22 04:40:00+00:00,2025-01-22 04:45:00+00:00,-0.0007905395522106451,3,2
baseline_no_shock,2023-2025,2025-01-22 04:50:00+00:00,2025-01-22 05:10:00+00:00,2025-01-22 05:30:00+00:00,-0.001805429751915999,8,4
baseline_no_shock,2023-2025,2025-01-22 05:30:00+00:00,2025-01-22 05:35:00+00:00,2025-01-22 05:40:00+00:00,-5.6241488681330054e-05,2,1
baseline_no_shock,2023-2025,2025-01-22 06:00:00+00:00,2025-01-23 21:20:00+00:00,2025-01-24 02:50:00+00:00,-0.015862741469641506,514,460
baseline_no_shock,2023-2025,2025-01-24 02:50:00+00:00,2025-01-24 03:00:00+00:00,2025-01-24 03:05:00+00:00,-0.0003963472031982551,3,2
baseline_no_shock,2023-2025,2025-01-24 03:05:00+00:00,2025-01-24 04:25:00+00:00,2025-01-24 06:15:00+00:00,-0.006706190265153844,38,16
baseline_no_shock,2023-2025,2025-01-24 06:15:00+00:00,2025-01-24 08:35:00+00:00,2025-01-24 11:35:00+00:00,-0.007444992688993901,64,28
baseline_no_shock,2023-2025,2025-01-24 11:35:00+00:00,2025-01-24 12:05:00+00:00,2025-01-24 13:05:00+00:00,-0.002786369322291371,18,6
baseline_no_shock,2023-2025,2025-01-24 13:20:00+00:00,2025-01-24 13:35:00+00:00,2025-01-24 13:45:00+00:00,-0.0018366478351398152,5,3
baseline_no_shock,2023-2025,2025-01-24 13:45:00+00:00,2025-01-24 14:30:00+00:00,2025-01-24 15:25:00+00:00,-0.009706676526138325,20,9
baseline_no_shock,2023-2025,2025-01-24 15:30:00+00:00,2025-01-28 18:30:00+00:00,2025-01-30 09:00:00+00:00,-0.013575887034204981,1026,588
baseline_no_shock,2023-2025,2025-01-30 09:00:00+00:00,2025-01-30 09:25:00+00:00,2025-01-30 10:15:00+00:00,-0.004246661156895981,15,5
baseline_no_shock,2023-2025,2025-01-30 10:25:00+00:00,2025-01-30 10:30:00+00:00,2025-01-30 10:35:00+00:00,-0.00021917522407155499,2,1
baseline_no_shock,2023-2025,2025-01-30 10:40:00+00:00,2025-01-30 11:05:00+00:00,2025-01-30 11:25:00+00:00,-0.0015790094998723303,9,5
baseline_no_shock,2023-2025,2025-01-30 11:25:00+00:00,2025-01-30 11:35:00+00:00,2025-01-30 11:40:00+00:00,-0.0005263109088968765,3,2
baseline_no_shock,2023-2025,2025-01-30 11:40:00+00:00,2025-01-30 12:05:00+00:00,2025-01-30 12:40:00+00:00,-0.002290280814989054,12,5
baseline_no_shock,2023-2025,2025-01-30 12:50:00+00:00,2025-01-30 12:55:00+00:00,2025-01-30 13:05:00+00:00,-0.0006204720240922112,3,1
baseline_no_shock,2023-2025,2025-01-30 13:05:00+00:00,2025-01-30 13:35:00+00:00,2025-01-30 13:40:00+00:00,-0.0020834910316204214,7,6
baseline_no_shock,2023-2025,2025-01-30 14:00:00+00:00,2025-01-30 14:15:00+00:00,2025-01-30 14:25:00+00:00,-0.0018584607633530537,5,3
baseline_no_shock,2023-2025,2025-01-30 14:30:00+00:00,2025-01-30 14:35:00+00:00,2025-01-30 14:55:00+00:00,-0.005012510141257809,5,1
baseline_no_shock,2023-2025,2025-01-30 14:55:00+00:00,2025-01-30 15:00:00+00:00,2025-01-30 15:05:00+00:00,-0.0003263009761461655,2,1
baseline_no_shock,2023-2025,2025-01-30 15:05:00+00:00,2025-01-30 15:10:00+00:00,2025-01-30 15:15:00+00:00,-0.0013400245224486351,2,1
baseline_no_shock,2023-2025,2025-01-30 15:15:00+00:00,2025-01-30 15:20:00+00:00,2025-01-30 15:25:00+00:00,-0.0009320826568912643,2,1
baseline_no_shock,2023-2025,2025-01-30 15:25:00+00:00,2025-01-30 15:35:00+00:00,2025-01-30 15:40:00+00:00,-0.0005354039585686587,3,2
baseline_no_shock,2023-2025,2025-01-30 16:10:00+00:00,2025-01-30 17:05:00+00:00,2025-01-30 21:05:00+00:00,-0.006933505452449307,59,11
baseline_no_shock,2023-2025,2025-01-30 21:05:00+00:00,2025-01-30 21:30:00+00:00,2025-01-31 00:20:00+00:00,-0.005722652786294691,27,5
baseline_no_shock,2023-2025,2025-01-31 00:20:00+00:00,2025-01-31 18:35:00+00:00,2025-02-03 14:15:00+00:00,-0.010291146580626243,443,219
baseline_no_shock,2023-2025,2025-02-03 14:20:00+00:00,2025-02-03 14:25:00+00:00,2025-02-03 14:35:00+00:00,-0.0005059504438731377,3,1
baseline_no_shock,2023-2025,2025-02-03 15:00:00+00:00,2025-02-05 01:45:00+00:00,2025-02-05 05:50:00+00:00,-0.018084009145991176,442,393
baseline_no_shock,2023-2025,2025-02-05 05:50:00+00:00,2025-02-05 06:10:00+00:00,2025-02-05 06:25:00+00:00,-0.0024169870273546,7,4
baseline_no_shock,2023-2025,2025-02-05 06:25:00+00:00,2025-02-05 06:50:00+00:00,2025-02-05 06:55:00+00:00,-0.0010903533878752203,6,5
baseline_no_shock,2023-2025,2025-02-05 06:55:00+00:00,2025-02-05 07:10:00+00:00,2025-02-05 08:00:00+00:00,-0.006241551416226621,13,3
baseline_no_shock,2023-2025,2025-02-05 08:05:00+00:00,2025-02-05 08:10:00+00:00,2025-02-05 08:25:00+00:00,-0.0013649892278795317,4,1
baseline_no_shock,2023-2025,2025-02-05 08:25:00+00:00,2025-02-05 08:35:00+00:00,2025-02-05 08:40:00+00:00,-0.0006869872366900287,3,2
baseline_no_shock,2023-2025,2025-02-05 08:45:00+00:00,2025-02-05 09:20:00+00:00,2025-02-05 09:25:00+00:00,-0.0038021293935046607,8,7
baseline_no_shock,2023-2025,2025-02-05 09:25:00+00:00,2025-02-05 09:30:00+00:00,2025-02-05 09:35:00+00:00,-0.0009900220602744314,2,1
baseline_no_shock,2023-2025,2025-02-05 09:35:00+00:00,2025-02-05 09:40:00+00:00,2025-02-05 09:45:00+00:00,-0.0006537918612719018,2,1
baseline_no_shock,2023-2025,2025-02-05 09:45:00+00:00,2025-02-05 09:50:00+00:00,2025-02-05 10:05:00+00:00,-0.001491408269429062,4,1
baseline_no_shock,2023-2025,2025-02-05 10:05:00+00:00,2025-02-05 10:15:00+00:00,2025-02-05 10:20:00+00:00,-0.0008603784948396642,3,2
baseline_no_shock,2023-2025,2025-02-05 10:35:00+00:00,2025-03-13 13:00:00+00:00,2025-03-18 12:05:00+00:00,-0.06766411640504277,8004,7187
baseline_no_shock,2023-2025,2025-03-18 12:10:00+00:00,2025-03-18 12:15:00+00:00,2025-03-18 12:20:00+00:00,-0.0004634638013182313,2,1
baseline_no_shock,2023-2025,2025-03-18 12:20:00+00:00,2025-03-18 12:25:00+00:00,2025-03-18 12:40:00+00:00,-0.002466462630126509,4,1
baseline_no_shock,2023-2025,2025-03-18 12:55:00+00:00,2025-03-18 13:00:00+00:00,2025-03-18 13:20:00+00:00,-0.0007840708913444683,5,1
baseline_no_shock,2023-2025,2025-03-18 13:25:00+00:00,2025-03-18 14:15:00+00:00,2025-03-18 19:20:00+00:00,-0.01089704811126857,71,10
baseline_no_shock,2023-2025,2025-03-18 19:20:00+00:00,2025-03-27 06:45:00+00:00,2025-03-28 01:15:00+00:00,-0.032074020594516695,1991,1781
baseline_no_shock,2023-2025,2025-03-28 01:15:00+00:00,2025-03-28 01:20:00+00:00,2025-03-28 01:35:00+00:00,-0.0004789647579426237,4,1
baseline_no_shock,2023-2025,2025-03-28 02:10:00+00:00,2025-03-28 03:20:00+00:00,2025-03-28 05:35:00+00:00,-0.006127808374857935,41,14
baseline_no_shock,2023-2025,2025-03-28 05:35:00+00:00,2025-03-28 05:40:00+00:00,2025-03-28 05:45:00+00:00,-0.0005916086141011245,2,1
baseline_no_shock,2023-2025,2025-03-28 05:45:00+00:00,2025-03-28 05:50:00+00:00,2025-03-28 05:55:00+00:00,-0.00041127680955388435,2,1
baseline_no_shock,2023-2025,2025-03-28 05:55:00+00:00,2025-03-28 06:00:00+00:00,2025-03-28 06:05:00+00:00,-0.0016760455927191664,2,1
baseline_no_shock,2023-2025,2025-03-28 06:10:00+00:00,2025-03-28 06:20:00+00:00,2025-03-28 06:30:00+00:00,-0.001420901413355491,4,2
baseline_no_shock,2023-2025,2025-03-28 06:30:00+00:00,2025-03-28 06:35:00+00:00,2025-03-28 06:45:00+00:00,-0.0004501587273592067,3,1
baseline_no_shock,2023-2025,2025-03-28 07:00:00+00:00,2025-03-28 15:00:00+00:00,2025-03-31 02:10:00+00:00,-0.017453303388259678,218,96
baseline_no_shock,2023-2025,2025-03-31 02:20:00+00:00,2025-03-31 02:25:00+00:00,2025-03-31 02:35:00+00:00,-0.0013360710324427094,3,1
baseline_no_shock,2023-2025,2025-03-31 02:35:00+00:00,2025-03-31 02:50:00+00:00,2025-03-31 03:00:00+00:00,-0.0036351288173265273,5,3
baseline_no_shock,2023-2025,2025-03-31 03:10:00+00:00,2025-03-31 04:05:00+00:00,2025-03-31 04:25:00+00:00,-0.002691611585862952,15,11
baseline_no_shock,2023-2025,2025-03-31 04:40:00+00:00,2025-03-31 04:45:00+00:00,2025-03-31 04:50:00+00:00,-0.0005169136377830563,2,1
baseline_no_shock,2023-2025,2025-03-31 04:55:00+00:00,2025-03-31 05:05:00+00:00,2025-03-31 05:55:00+00:00,-0.004877832104991375,12,2
baseline_no_shock,2023-2025,2025-03-31 05:55:00+00:00,2025-03-31 06:00:00+00:00,2025-03-31 06:10:00+00:00,-0.0027129590126587777,3,1
baseline_no_shock,2023-2025,2025-03-31 06:15:00+00:00,2025-03-31 06:50:00+00:00,2025-03-31 07:25:00+00:00,-0.008573855693574717,14,7
baseline_no_shock,2023-2025,2025-03-31 07:25:00+00:00,2025-03-31 07:40:00+00:00,2025-03-31 08:05:00+00:00,-0.005250754770630639,8,3
baseline_no_shock,2023-2025,2025-03-31 08:10:00+00:00,2025-03-31 10:10:00+00:00,2025-04-01 02:30:00+00:00,-0.012633860502098915,208,24
baseline_no_shock,2023-2025,2025-04-01 02:35:00+00:00,2025-04-01 02:40:00+00:00,2025-04-01 02:45:00+00:00,-0.00029486978347770254,2,1
baseline_no_shock,2023-2025,2025-04-01 03:00:00+00:00,2025-04-01 03:05:00+00:00,2025-04-01 03:35:00+00:00,-0.0006661931591427361,7,1
baseline_no_shock,2023-2025,2025-04-01 03:35:00+00:00,2025-04-01 03:40:00+00:00,2025-04-01 03:50:00+00:00,-0.000635574262817129,3,1
baseline_no_shock,2023-2025,2025-04-01 03:55:00+00:00,2025-04-01 05:10:00+00:00,2025-04-01 05:35:00+00:00,-0.002064732857493534,20,15
baseline_no_shock,2023-2025,2025-04-01 05:35:00+00:00,2025-04-02 22:30:00+00:00,2025-04-02 23:15:00+00:00,-0.01739340928606614,476,467
baseline_no_shock,2023-2025,2025-04-02 23:20:00+00:00,2025-04-02 23:25:00+00:00,2025-04-02 23:30:00+00:00,-0.0011878193385058688,2,1
baseline_no_shock,2023-2025,2025-04-02 23:30:00+00:00,2025-04-02 23:35:00+00:00,2025-04-02 23:40:00+00:00,-0.0016158350039987557,2,1
baseline_no_shock,2023-2025,2025-04-02 23:50:00+00:00,2025-04-03 00:20:00+00:00,2025-04-09 13:40:00+00:00,-0.019481709070113706,1270,6
baseline_no_shock,2023-2025,2025-04-09 13:40:00+00:00,2025-04-09 13:45:00+00:00,2025-04-09 13:55:00+00:00,-0.0013896132643930192,3,1
baseline_no_shock,2023-2025,2025-04-09 13:55:00+00:00,2025-04-09 14:10:00+00:00,2025-04-09 14:20:00+00:00,-0.0014651531797609252,5,3
baseline_no_shock,2023-2025,2025-04-09 14:30:00+00:00,2025-04-09 15:05:00+00:00,2025-04-09 15:25:00+00:00,-0.0070241460152261626,11,7
baseline_no_shock,2023-2025,2025-04-09 15:25:00+00:00,2025-04-09 15:45:00+00:00,2025-04-09 16:00:00+00:00,-0.00273452002187613,7,4
baseline_no_shock,2023-2025,2025-04-09 16:00:00+00:00,2025-04-09 16:10:00+00:00,2025-04-09 16:15:00+00:00,-0.001121643327175459,3,2
baseline_no_shock,2023-2025,2025-04-09 16:15:00+00:00,2025-04-09 16:25:00+00:00,2025-04-09 16:50:00+00:00,-0.001623100551632728,7,2
baseline_no_shock,2023-2025,2025-04-09 17:00:00+00:00,2025-04-09 17:10:00+00:00,2025-04-09 17:20:00+00:00,-0.0032620292718211763,4,2
baseline_no_shock,2023-2025,2025-04-09 17:20:00+00:00,2025-04-09 18:15:00+00:00,2025-04-10 00:25:00+00:00,-0.017747447817878625,73,11
baseline_no_shock,2023-2025,2025-04-10 00:35:00+00:00,2025-04-10 01:40:00+00:00,2025-04-10 02:05:00+00:00,-0.014753201211879174,18,13
baseline_no_shock,2023-2025,2025-04-10 02:10:00+00:00,2025-04-10 02:15:00+00:00,2025-04-10 02:20:00+00:00,-0.005576763168538612,2,1
baseline_no_shock,2023-2025,2025-04-10 02:25:00+00:00,2025-04-10 02:30:00+00:00,2025-04-10 02:40:00+00:00,-0.00204473817820805,3,1
baseline_no_shock,2023-2025,2025-04-10 02:40:00+00:00,2025-04-10 02:45:00+00:00,2025-04-10 02:50:00+00:00,-0.00201887104039733,2,1
baseline_no_shock,2023-2025,2025-04-10 02:50:00+00:00,2025-04-10 02:55:00+00:00,2025-04-10 03:00:00+00:00,-1.2963364667162303e-05,2,1
baseline_no_shock,2023-2025,2025-04-10 03:00:00+00:00,2025-04-10 03:05:00+00:00,2025-04-10 03:15:00+00:00,-0.0029447600947496433,3,1
baseline_no_shock,2023-2025,2025-04-10 03:15:00+00:00,2025-04-10 03:20:00+00:00,2025-04-10 03:25:00+00:00,-0.0016681718808828627,2,1
baseline_no_shock,2023-2025,2025-04-10 03:25:00+00:00,2025-04-10 03:30:00+00:00,2025-04-10 03:35:00+00:00,-0.0028348822410471097,2,1
baseline_no_shock,2023-2025,2025-04-10 03:35:00+00:00,2025-04-10 03:45:00+00:00,2025-04-10 05:05:00+00:00,-0.005455119554828025,18,2
baseline_no_shock,2023-2025,2025-04-10 05:05:00+00:00,2025-04-10 08:00:00+00:00,2025-04-10 14:40:00+00:00,-0.018512949667330747,115,35
baseline_no_shock,2023-2025,2025-04-10 14:40:00+00:00,2025-04-10 14:50:00+00:00,2025-04-10 15:00:00+00:00,-0.000866866031619784,4,2
baseline_no_shock,2023-2025,2025-04-10 15:05:00+00:00,2025-04-10 15:10:00+00:00,2025-04-10 15:20:00+00:00,-0.0009576020622920067,3,1
baseline_no_shock,2023-2025,2025-04-10 15:30:00+00:00,2025-04-10 15:35:00+00:00,2025-04-10 15:40:00+00:00,-0.002168821580113778,2,1
baseline_no_shock,2023-2025,2025-04-10 15:40:00+00:00,2025-04-10 17:10:00+00:00,2025-04-10 18:50:00+00:00,-0.008762918643997697,38,18
baseline_no_shock,2023-2025,2025-04-10 18:50:00+00:00,2025-04-10 18:55:00+00:00,2025-04-10 19:05:00+00:00,-0.0008056351322890398,3,1
baseline_no_shock,2023-2025,2025-04-10 19:05:00+00:00,2025-04-10 19:10:00+00:00,2025-04-10 19:35:00+00:00,-0.0025151926087999543,6,1
baseline_no_shock,2023-2025,2025-04-10 19:35:00+00:00,2025-04-10 19:40:00+00:00,2025-04-10 19:55:00+00:00,-0.0016739380110319946,4,1
baseline_no_shock,2023-2025,2025-04-10 19:55:00+00:00,2025-04-10 20:00:00+00:00,2025-04-10 20:10:00+00:00,-0.0022018528528363612,3,1
baseline_no_shock,2023-2025,2025-04-10 20:10:00+00:00,2025-04-10 20:40:00+00:00,2025-04-10 22:05:00+00:00,-0.003289822594679026,11,6
baseline_no_shock,2023-2025,2025-04-10 22:15:00+00:00,2025-04-10 22:20:00+00:00,2025-04-10 22:25:00+00:00,-0.0006477123937550511,2,1
baseline_no_shock,2023-2025,2025-04-10 22:25:00+00:00,2025-04-10 22:30:00+00:00,2025-04-10 22:35:00+00:00,-0.00023838063184788982,2,1
baseline_no_shock,2023-2025,2025-04-10 22:50:00+00:00,2025-04-10 22:55:00+00:00,2025-04-10 23:00:00+00:00,-0.0009817115752415173,2,1
baseline_no_shock,2023-2025,2025-04-10 23:05:00+00:00,2025-04-10 23:15:00+00:00,2025-04-10 23:55:00+00:00,-0.0026617490485350004,10,2
baseline_no_shock,2023-2025,2025-04-10 23:55:00+00:00,2025-04-11 00:10:00+00:00,2025-04-11 00:15:00+00:00,-0.0018528913508208955,4,3
baseline_no_shock,2023-2025,2025-04-11 00:25:00+00:00,2025-04-11 00:30:00+00:00,2025-04-11 00:35:00+00:00,-0.0017830989841778333,2,1
baseline_no_shock,2023-2025,2025-04-11 00:45:00+00:00,2025-04-11 00:55:00+00:00,2025-04-11 01:05:00+00:00,-0.0032066902254007656,4,2
baseline_no_shock,2023-2025,2025-04-11 01:05:00+00:00,2025-04-11 01:20:00+00:00,2025-04-11 01:50:00+00:00,-0.003008517410105105,9,3
baseline_no_shock,2023-2025,2025-04-11 01:50:00+00:00,2025-04-11 02:00:00+00:00,2025-04-11 02:15:00+00:00,-0.003572669638418513,5,2
baseline_no_shock,2023-2025,2025-04-11 02:25:00+00:00,2025-04-11 02:30:00+00:00,2025-04-11 02:50:00+00:00,-0.0010005650493909446,5,1
baseline_no_shock,2023-2025,2025-04-11 02:50:00+00:00,2025-04-11 03:05:00+00:00,2025-04-11 03:30:00+00:00,-0.001567180784993627,8,3
baseline_no_shock,2023-2025,2025-04-11 03:30:00+00:00,2025-04-11 05:45:00+00:00,2025-04-11 09:55:00+00:00,-0.012468978021143329,77,27
baseline_no_shock,2023-2025,2025-04-11 09:55:00+00:00,2025-04-11 10:05:00+00:00,2025-04-11 10:10:00+00:00,-0.002278553000709782,3,2
baseline_no_shock,2023-2025,2025-04-11 10:15:00+00:00,2025-04-11 10:55:00+00:00,2025-04-11 13:10:00+00:00,-0.01912908582866668,35,8
baseline_no_shock,2023-2025,2025-04-11 13:10:00+00:00,2025-04-11 13:25:00+00:00,2025-04-11 13:35:00+00:00,-0.005356113458823919,5,3
baseline_no_shock,2023-2025,2025-04-11 13:35:00+00:00,2025-04-11 13:40:00+00:00,2025-04-11 13:45:00+00:00,-0.005769778442973439,2,1
baseline_no_shock,2023-2025,2025-04-11 13:45:00+00:00,2025-04-11 14:00:00+00:00,2025-04-11 15:55:00+00:00,-0.01339858552681572,26,3
baseline_no_shock,2023-2025,2025-04-11 15:55:00+00:00,2025-04-11 16:00:00+00:00,2025-04-11 16:10:00+00:00,-0.0005912618883675558,3,1
baseline_no_shock,2023-2025,2025-04-11 16:15:00+00:00,2025-04-11 16:55:00+00:00,2025-04-15 04:00:00+00:00,-0.01702932363461107,405,8
baseline_no_shock,2023-2025,2025-04-15 04:05:00+00:00,2025-04-15 04:10:00+00:00,2025-04-15 04:30:00+00:00,-0.0005655508239624796,5,1
baseline_no_shock,2023-2025,2025-04-15 04:30:00+00:00,2025-04-15 04:40:00+00:00,2025-04-15 04:45:00+00:00,-0.001208467135224156,3,2
baseline_no_shock,2023-2025,2025-04-15 05:00:00+00:00,2025-04-15 11:00:00+00:00,2025-04-15 23:40:00+00:00,-0.0118722181512938,212,72
baseline_no_shock,2023-2025,2025-04-15 23:40:00+00:00,2025-04-15 23:55:00+00:00,2025-04-16 00:00:00+00:00,-0.0028359184187178865,4,3
baseline_no_shock,2023-2025,2025-04-16 00:05:00+00:00,2025-04-16 00:10:00+00:00,2025-04-16 00:20:00+00:00,-0.0025324850787353803,3,1
baseline_no_shock,2023-2025,2025-04-16 00:20:00+00:00,2025-04-16 00:25:00+00:00,2025-04-16 00:30:00+00:00,-0.0006986599056851839,2,1
baseline_no_shock,2023-2025,2025-04-16 00:40:00+00:00,2025-04-16 00:45:00+00:00,2025-04-16 00:50:00+00:00,-0.0005187266346825536,2,1
baseline_no_shock,2023-2025,2025-04-16 00:50:00+00:00,2025-04-16 01:00:00+00:00,2025-04-16 01:05:00+00:00,-0.0025070106044546847,3,2
baseline_no_shock,2023-2025,2025-04-16 01:05:00+00:00,2025-04-16 01:35:00+00:00,2025-04-16 02:10:00+00:00,-0.011112624028743467,13,6
baseline_no_shock,2023-2025,2025-04-16 02:10:00+00:00,2025-04-16 03:00:00+00:00,2025-04-16 03:30:00+00:00,-0.004396246779180268,16,10
baseline_no_shock,2023-2025,2025-04-16 03:35:00+00:00,2025-04-16 03:40:00+00:00,2025-04-16 03:50:00+00:00,-0.000362457525753368,3,1
baseline_no_shock,2023-2025,2025-04-16 04:00:00+00:00,2025-04-16 04:35:00+00:00,2025-04-16 04:55:00+00:00,-0.008508497986321695,11,7
baseline_no_shock,2023-2025,2025-04-16 05:10:00+00:00,2025-04-16 05:15:00+00:00,2025-04-16 05:20:00+00:00,-9.080719303500295e-05,2,1
baseline_no_shock,2023-2025,2025-04-16 05:25:00+00:00,2025-04-16 05:30:00+00:00,2025-04-16 05:35:00+00:00,-0.0002601621914170016,2,1
baseline_no_shock,2023-2025,2025-04-16 05:35:00+00:00,2025-04-16 06:05:00+00:00,2025-04-16 06:35:00+00:00,-0.0036006766911078625,12,6
baseline_no_shock,2023-2025,2025-04-16 06:35:00+00:00,2025-04-16 06:45:00+00:00,2025-04-16 07:05:00+00:00,-0.0034666827030218617,6,2
baseline_no_shock,2023-2025,2025-04-16 07:05:00+00:00,2025-04-16 07:10:00+00:00,2025-04-16 07:15:00+00:00,-0.0022763496300339803,2,1
baseline_no_shock,2023-2025,2025-04-16 07:15:00+00:00,2025-04-16 07:20:00+00:00,2025-04-16 07:30:00+00:00,-0.0021315954560966466,3,1
baseline_no_shock,2023-2025,2025-04-16 07:30:00+00:00,2025-04-16 07:45:00+00:00,2025-04-16 07:50:00+00:00,-0.0017183968368336133,4,3
baseline_no_shock,2023-2025,2025-04-16 07:50:00+00:00,2025-04-16 07:55:00+00:00,2025-04-16 08:00:00+00:00,-0.0011147317075458352,2,1
baseline_no_shock,2023-2025,2025-04-16 08:05:00+00:00,2025-04-16 08:10:00+00:00,2025-04-16 08:15:00+00:00,-0.0013453199003530258,2,1
baseline_no_shock,2023-2025,2025-04-16 08:25:00+00:00,2025-04-16 08:45:00+00:00,2025-04-16 14:05:00+00:00,-0.01664385212152053,68,4
baseline_no_shock,2023-2025,2025-04-16 14:10:00+00:00,2025-04-16 15:10:00+00:00,2025-04-16 15:40:00+00:00,-0.007082702419582532,18,12
baseline_no_shock,2023-2025,2025-04-16 15:55:00+00:00,2025-04-16 16:00:00+00:00,2025-04-16 16:20:00+00:00,-0.0020695783836554016,5,1
baseline_no_shock,2023-2025,2025-04-16 16:30:00+00:00,2025-04-16 16:45:00+00:00,2025-04-16 18:05:00+00:00,-0.007341250697418755,19,3
baseline_no_shock,2023-2025,2025-04-16 18:05:00+00:00,2025-04-16 18:10:00+00:00,2025-04-16 18:25:00+00:00,-0.0026995194626583396,4,1
baseline_no_shock,2023-2025,2025-04-16 18:30:00+00:00,2025-04-16 18:35:00+00:00,2025-04-16 18:40:00+00:00,-0.000322646888792133,2,1
baseline_no_shock,2023-2025,2025-04-16 18:40:00+00:00,2025-04-16 18:45:00+00:00,2025-04-16 18:50:00+00:00,-0.0005008558184077527,2,1
baseline_no_shock,2023-2025,2025-04-16 18:50:00+00:00,2025-04-16 19:00:00+00:00,2025-04-16 19:10:00+00:00,-0.0014970292496778725,4,2
baseline_no_shock,2023-2025,2025-04-16 19:10:00+00:00,2025-04-16 20:15:00+00:00,2025-04-16 21:00:00+00:00,-0.0060018262808089196,22,13
baseline_no_shock,2023-2025,2025-04-16 22:15:00+00:00,2025-04-17 00:45:00+00:00,2025-04-17 01:20:00+00:00,-0.008629389653508124,37,30
baseline_no_shock,2023-2025,2025-04-17 01:20:00+00:00,2025-04-17 01:55:00+00:00,2025-04-21 02:00:00+00:00,-0.024698533704791248,284,7
baseline_no_shock,2023-2025,2025-04-21 02:05:00+00:00,2025-04-21 02:15:00+00:00,2025-04-21 02:20:00+00:00,-0.0013949823271071082,3,2
baseline_no_shock,2023-2025,2025-04-21 02:30:00+00:00,2025-04-21 02:35:00+00:00,2025-04-21 02:40:00+00:00,-0.0007840651087663852,2,1
baseline_no_shock,2023-2025,2025-04-21 02:40:00+00:00,2025-04-21 02:45:00+00:00,2025-04-21 02:55:00+00:00,-0.0008237266062579574,3,1
baseline_no_shock,2023-2025,2025-04-21 03:00:00+00:00,2025-04-21 04:20:00+00:00,2025-04-21 06:00:00+00:00,-0.009225329320420417,36,16
baseline_no_shock,2023-2025,2025-04-21 06:25:00+00:00,2025-04-21 06:35:00+00:00,2025-04-21 06:40:00+00:00,-0.0006085864873762725,3,2
baseline_no_shock,2023-2025,2025-04-21 07:10:00+00:00,2025-04-21 07:15:00+00:00,2025-04-21 07:20:00+00:00,-0.0006877225623657113,2,1
baseline_no_shock,2023-2025,2025-04-21 07:25:00+00:00,2025-04-21 08:00:00+00:00,2025-04-21 09:30:00+00:00,-0.007715561822602024,25,7
baseline_no_shock,2023-2025,2025-04-21 09:30:00+00:00,2025-04-21 09:50:00+00:00,2025-04-21 10:15:00+00:00,-0.002205459417145894,9,4
baseline_no_shock,2023-2025,2025-04-21 10:20:00+00:00,2025-04-21 11:15:00+00:00,2025-04-21 11:40:00+00:00,-0.006177967537253193,16,11
baseline_no_shock,2023-2025,2025-04-21 11:55:00+00:00,2025-04-21 12:15:00+00:00,2025-04-21 12:20:00+00:00,-0.0015781270128004676,5,4
baseline_no_shock,2023-2025,2025-04-21 12:20:00+00:00,2025-04-21 12:30:00+00:00,2025-04-21 12:45:00+00:00,-0.0059853704790385764,5,2
baseline_no_shock,2023-2025,2025-04-21 13:10:00+00:00,2025-04-21 13:35:00+00:00,2025-04-21 13:50:00+00:00,-0.01000062005294744,8,5
baseline_no_shock,2023-2025,2025-04-21 13:55:00+00:00,2025-04-21 14:00:00+00:00,2025-04-21 14:05:00+00:00,-0.0028149251819660215,2,1
baseline_no_shock,2023-2025,2025-04-21 14:10:00+00:00,2025-04-21 17:20:00+00:00,2025-04-21 22:20:00+00:00,-0.014784297425023185,86,38
baseline_no_shock,2023-2025,2025-04-21 22:25:00+00:00,2025-04-21 22:40:00+00:00,2025-04-21 23:20:00+00:00,-0.003029670961882669,11,3
baseline_no_shock,2023-2025,2025-04-21 23:20:00+00:00,2025-04-21 23:25:00+00:00,2025-04-21 23:30:00+00:00,-0.0024629226179827546,2,1
baseline_no_shock,2023-2025,2025-04-21 23:30:00+00:00,2025-04-21 23:35:00+00:00,2025-04-21 23:45:00+00:00,-0.0007023657182460008,3,1
baseline_no_shock,2023-2025,2025-04-21 23:45:00+00:00,2025-04-22 00:15:00+00:00,2025-04-22 01:35:00+00:00,-0.01757956571630004,22,6
baseline_no_shock,2023-2025,2025-04-22 01:55:00+00:00,2025-04-22 02:10:00+00:00,2025-04-22 02:25:00+00:00,-0.006476368714627534,6,3
baseline_no_shock,2023-2025,2025-04-22 03:30:00+00:00,2025-04-22 03:35:00+00:00,2025-04-22 03:45:00+00:00,-0.0017816667874090975,3,1
baseline_no_shock,2023-2025,2025-04-22 03:45:00+00:00,2025-04-22 05:25:00+00:00,2025-04-22 05:55:00+00:00,-0.008471263997751222,26,20
baseline_no_shock,2023-2025,2025-04-22 06:00:00+00:00,2025-04-22 06:05:00+00:00,2025-04-22 06:15:00+00:00,-0.0030174462944619895,3,1
baseline_no_shock,2023-2025,2025-04-22 06:15:00+00:00,2025-04-28 22:20:00+00:00,2025-05-06 01:40:00+00:00,-0.04093538438639455,2703,1284
baseline_no_shock,2023-2025,2025-05-06 01:45:00+00:00,2025-05-06 01:55:00+00:00,2025-05-06 02:00:00+00:00,-0.002745544132314204,3,2
baseline_no_shock,2023-2025,2025-05-06 02:00:00+00:00,2025-05-06 02:05:00+00:00,2025-05-06 02:10:00+00:00,-0.0014420650371329558,2,1
baseline_no_shock,2023-2025,2025-05-06 02:20:00+00:00,2025-05-06 05:45:00+00:00,2025-05-06 13:00:00+00:00,-0.022701216800193214,128,41
baseline_no_shock,2023-2025,2025-05-06 13:05:00+00:00,2025-05-06 13:10:00+00:00,2025-05-06 13:15:00+00:00,-0.0007716891391383873,2,1
baseline_no_shock,2023-2025,2025-05-06 13:30:00+00:00,2025-05-06 13:40:00+00:00,2025-05-06 13:50:00+00:00,-0.005733387653202304,4,2
baseline_no_shock,2023-2025,2025-05-06 13:50:00+00:00,2025-05-06 14:45:00+00:00,2025-05-06 15:35:00+00:00,-0.011903395616259638,21,11
baseline_no_shock,2023-2025,2025-05-06 15:35:00+00:00,2025-05-06 15:55:00+00:00,2025-05-06 16:25:00+00:00,-0.003237046149724976,10,4
baseline_no_shock,2023-2025,2025-05-06 16:35:00+00:00,2025-05-06 16:40:00+00:00,2025-05-06 16:45:00+00:00,-9.094954355104434e-05,2,1
baseline_no_shock,2023-2025,2025-05-06 16:55:00+00:00,2025-05-06 17:00:00+00:00,2025-05-06 17:10:00+00:00,-0.0012951242597907253,3,1
baseline_no_shock,2023-2025,2025-05-06 17:10:00+00:00,2025-05-06 17:15:00+00:00,2025-05-06 17:20:00+00:00,-0.0012197864100382816,2,1
baseline_no_shock,2023-2025,2025-05-06 17:25:00+00:00,2025-05-06 17:35:00+00:00,2025-05-06 17:40:00+00:00,-0.0005719333252842684,3,2
baseline_no_shock,2023-2025,2025-05-06 17:45:00+00:00,2025-05-06 18:05:00+00:00,2025-05-06 19:40:00+00:00,-0.003308105962309571,23,4
baseline_no_shock,2023-2025,2025-05-06 19:55:00+00:00,2025-05-06 20:00:00+00:00,2025-05-06 20:10:00+00:00,-3.3273784350695834e-05,3,1
baseline_no_shock,2023-2025,2025-05-06 20:10:00+00:00,2025-05-06 20:25:00+00:00,2025-05-06 20:30:00+00:00,-0.0030790419324945306,4,3
baseline_no_shock,2023-2025,2025-05-06 20:40:00+00:00,2025-05-06 20:45:00+00:00,2025-05-06 20:50:00+00:00,-0.0008517862155800193,2,1
baseline_no_shock,2023-2025,2025-05-06 20:55:00+00:00,2025-05-20 13:20:00+00:00,2025-05-23 11:50:00+00:00,-0.06215661393062255,3479,2669
baseline_no_shock,2023-2025,2025-05-23 11:50:00+00:00,2025-05-23 11:55:00+00:00,2025-05-23 12:00:00+00:00,-0.002162199051585434,2,1
baseline_no_shock,2023-2025,2025-05-23 12:10:00+00:00,2025-05-23 12:20:00+00:00,2025-05-23 12:25:00+00:00,-0.0019386957389252446,3,2
baseline_no_shock,2023-2025,2025-05-23 12:25:00+00:00,2025-05-23 12:30:00+00:00,2025-05-23 12:35:00+00:00,-0.002727344077019689,2,1
baseline_no_shock,2023-2025,2025-05-23 12:40:00+00:00,2025-05-23 12:55:00+00:00,2025-05-23 13:05:00+00:00,-0.004171140474192092,5,3
baseline_no_shock,2023-2025,2025-05-23 13:05:00+00:00,2025-05-23 14:00:00+00:00,2025-05-23 16:00:00+00:00,-0.01306552471385336,35,11
baseline_no_shock,2023-2025,2025-05-23 16:00:00+00:00,2025-05-23 16:10:00+00:00,2025-05-23 16:35:00+00:00,-0.002365617952700849,7,2
baseline_no_shock,2023-2025,2025-05-23 16:35:00+00:00,2025-05-23 16:40:00+00:00,2025-05-23 16:45:00+00:00,-0.00011467208170079513,2,1
baseline_no_shock,2023-2025,2025-05-23 16:45:00+00:00,2025-05-23 17:10:00+00:00,2025-05-23 17:30:00+00:00,-0.00283723306798378,9,5
baseline_no_shock,2023-2025,2025-05-23 17:30:00+00:00,2025-06-02 03:40:00+00:00,2025-06-02 07:20:00+00:00,-0.02422401232039273,1504,1460
baseline_no_shock,2023-2025,2025-06-02 07:25:00+00:00,2025-06-02 07:30:00+00:00,2025-06-02 07:35:00+00:00,-0.0018463788230994593,2,1
baseline_no_shock,2023-2025,2025-06-02 07:35:00+00:00,2025-06-02 09:40:00+00:00,2025-06-02 11:40:00+00:00,-0.007572806991437919,49,25
baseline_no_shock,2023-2025,2025-06-02 11:40:00+00:00,2025-06-02 12:05:00+00:00,2025-06-02 12:20:00+00:00,-0.002874784714155809,8,5
baseline_no_shock,2023-2025,2025-06-02 12:25:00+00:00,2025-06-02 13:10:00+00:00,2025-06-02 13:45:00+00:00,-0.005245668544777371,16,9
baseline_no_shock,2023-2025,2025-06-02 13:45:00+00:00,2025-06-02 13:50:00+00:00,2025-06-02 13:55:00+00:00,-0.0005077832241278113,2,1
baseline_no_shock,2023-2025,2025-06-02 13:55:00+00:00,2025-06-02 14:10:00+00:00,2025-06-02 14:15:00+00:00,-0.0028282423904449905,4,3
baseline_no_shock,2023-2025,2025-06-02 14:20:00+00:00,2025-06-02 14:30:00+00:00,2025-06-02 14:45:00+00:00,-0.0030320656174350757,5,2
baseline_no_shock,2023-2025,2025-06-02 14:45:00+00:00,2025-06-02 15:35:00+00:00,2025-06-02 16:05:00+00:00,-0.003042126189372385,16,10
baseline_no_shock,2023-2025,2025-06-02 16:05:00+00:00,2025-06-02 16:55:00+00:00,2025-06-02 18:55:00+00:00,-0.005527793055660202,34,10
baseline_no_shock,2023-2025,2025-06-02 18:55:00+00:00,2025-06-02 19:05:00+00:00,2025-06-02 19:10:00+00:00,-0.0006491952305660575,3,2
baseline_no_shock,2023-2025,2025-06-02 19:10:00+00:00,2025-06-02 19:30:00+00:00,2025-06-02 19:40:00+00:00,-0.0005790070586603191,6,4
baseline_no_shock,2023-2025,2025-06-02 19:55:00+00:00,2025-06-02 20:00:00+00:00,2025-06-02 20:05:00+00:00,-9.548471862541597e-05,2,1
baseline_no_shock,2023-2025,2025-06-02 20:05:00+00:00,2025-06-02 20:35:00+00:00,2025-06-02 20:50:00+00:00,-0.0012317411090252417,9,6
baseline_no_shock,2023-2025,2025-06-02 20:55:00+00:00,2025-06-02 21:00:00+00:00,2025-06-02 22:05:00+00:00,-0.0006966947401775281,2,1
baseline_no_shock,2023-2025,2025-06-02 22:30:00+00:00,2025-06-02 22:35:00+00:00,2025-06-02 23:00:00+00:00,-0.0008729893854371173,6,1
baseline_no_shock,2023-2025,2025-06-02 23:00:00+00:00,2025-06-12 11:40:00+00:00,2025-09-03 17:00:00+00:00,-0.04082795104154047,18323,2084
baseline_no_shock,2023-2025,2025-09-03 17:00:00+00:00,2025-09-03 17:10:00+00:00,2025-09-03 17:35:00+00:00,-0.0011234970062758975,7,2
baseline_no_shock,2023-2025,2025-09-03 17:35:00+00:00,2025-09-03 17:40:00+00:00,2025-09-03 17:45:00+00:00,-7.905795802154447e-05,2,1
baseline_no_shock,2023-2025,2025-09-03 17:55:00+00:00,2025-09-03 18:00:00+00:00,2025-09-03 18:10:00+00:00,-0.0006674521522408439,3,1
baseline_no_shock,2023-2025,2025-09-03 18:15:00+00:00,2025-09-08 10:55:00+00:00,2025-09-15 16:00:00+00:00,-0.02569209283171181,2181,740
baseline_no_shock,2023-2025,2025-09-15 16:00:00+00:00,2025-09-15 16:05:00+00:00,2025-09-15 16:10:00+00:00,-0.0005356792302352309,2,1
baseline_no_shock,2023-2025,2025-09-15 16:10:00+00:00,2025-09-15 16:15:00+00:00,2025-09-15 16:25:00+00:00,-0.000701970648813055,3,1
baseline_no_shock,2023-2025,2025-09-15 16:35:00+00:00,2025-09-15 18:55:00+00:00,2025-09-16 06:40:00+00:00,-0.005394670241748223,157,28
baseline_no_shock,2023-2025,2025-09-16 07:00:00+00:00,2025-09-16 08:00:00+00:00,2025-09-16 08:15:00+00:00,-0.004414012950107571,15,12
baseline_no_shock,2023-2025,2025-09-16 08:15:00+00:00,2025-09-16 08:35:00+00:00,2025-09-16 09:25:00+00:00,-0.002239010199414526,14,4
baseline_no_shock,2023-2025,2025-09-16 09:25:00+00:00,2025-09-16 09:30:00+00:00,2025-09-16 09:55:00+00:00,-0.00124244892301828,6,1
baseline_no_shock,2023-2025,2025-09-16 10:00:00+00:00,2025-09-16 11:25:00+00:00,2025-09-16 11:55:00+00:00,-0.004570040313058854,23,17
baseline_no_shock,2023-2025,2025-09-16 11:55:00+00:00,2025-09-16 13:05:00+00:00,2025-09-17 18:10:00+00:00,-0.007254713208463159,351,14
baseline_no_shock,2023-2025,2025-09-17 18:10:00+00:00,2025-09-17 18:55:00+00:00,2025-09-22 09:20:00+00:00,-0.03642967620488036,722,9
