variant,period,seg_id,entry_ts,exit_ts,size,duration_bars,ret_end,mae,mfe
baseline_no_shock,2021-2022,1,2021-01-04 17:50:00+00:00,2021-01-04 19:35:00+00:00,2.0,22,0.009403000000000272,0.0,0.01624300000000045
baseline_no_shock,2021-2022,3,2021-01-04 19:50:00+00:00,2021-01-05 01:05:00+00:00,2.0,52,-0.009794086510799604,-0.009794086510799604,0.00788676491122442
baseline_no_shock,2021-2022,5,2021-01-05 05:05:00+00:00,2021-01-05 05:30:00+00:00,2.0,6,0.001252965451246535,0.0,0.0027052889695180493
baseline_no_shock,2021-2022,7,2021-01-05 11:05:00+00:00,2021-01-05 15:35:00+00:00,2.0,55,-0.005546959099157811,-0.01373071907944412,0.007562221217917164
baseline_no_shock,2021-2022,9,2021-01-05 17:55:00+00:00,2021-01-05 23:15:00+00:00,2.0,53,0.0037521821980581738,-0.0020234019518936552,0.006771305643554326
baseline_no_shock,2021-2022,11,2021-01-06 00:55:00+00:00,2021-01-06 02:15:00+00:00,2.0,17,-0.006431415319366751,-0.006596604077375945,0.008412685302479739
baseline_no_shock,2021-2022,13,2021-01-20 02:05:00+00:00,2021-01-20 11:50:00+00:00,2.0,118,0.006362939678131507,-0.00027712803315183,0.019585048292311003
baseline_no_shock,2021-2022,15,2021-01-20 15:40:00+00:00,2021-01-21 01:50:00+00:00,2.0,111,-0.0011757935860011726,-0.011041109965074791,0.006326984114341627
baseline_no_shock,2021-2022,17,2021-01-21 04:05:00+00:00,2021-01-21 08:40:00+00:00,2.0,56,-0.005500287209567523,-0.009729286316579322,0.006477894818580188
baseline_no_shock,2021-2022,19,2021-01-21 12:55:00+00:00,2021-01-21 13:45:00+00:00,2.0,11,-0.003928300530959494,-0.003928300530959494,0.001823426084873958
baseline_no_shock,2021-2022,21,2021-01-25 14:35:00+00:00,2021-01-25 15:30:00+00:00,2.0,12,-0.017238299930364742,-0.02043210136682283,0.00367242012486213
baseline_no_shock,2021-2022,23,2021-01-29 11:05:00+00:00,2021-01-29 16:30:00+00:00,2.0,66,-0.0025864407678547474,-0.006462022360066211,0.031199451707193182
baseline_no_shock,2021-2022,25,2021-02-01 06:20:00+00:00,2021-02-01 10:35:00+00:00,2.0,52,-0.014173336111417023,-0.016773704616113494,0.010627193358745401
baseline_no_shock,2021-2022,27,2021-02-01 13:15:00+00:00,2021-02-01 16:00:00+00:00,2.0,34,-0.006792866713918433,-0.010287080102022395,0.010001500328519874
baseline_no_shock,2021-2022,29,2021-02-08 13:50:00+00:00,2021-02-08 19:30:00+00:00,2.0,69,0.004500433193997289,0.0,0.016779636865901004
baseline_no_shock,2021-2022,31,2021-02-09 01:25:00+00:00,2021-02-09 07:50:00+00:00,2.0,78,0.011024868825483924,-0.0006871785318800505,0.011314642905192018
baseline_no_shock,2021-2022,33,2021-02-09 08:15:00+00:00,2021-02-09 08:35:00+00:00,2.0,5,-0.002807722617038988,-0.002807722617038988,0.0001655810207352726
baseline_no_shock,2021-2022,35,2021-02-09 08:45:00+00:00,2021-02-09 13:05:00+00:00,2.0,53,0.004192504911570971,0.0,0.013030260195479038
baseline_no_shock,2021-2022,37,2021-02-10 06:20:00+00:00,2021-02-10 10:20:00+00:00,2.0,49,-8.909306333693134e-05,-0.004868372679356026,0.009939508882168546
baseline_no_shock,2021-2022,39,2021-02-11 13:45:00+00:00,2021-02-11 15:50:00+00:00,2.0,26,-0.009246662916176485,-0.009246662916176485,0.0009584207027053537
baseline_no_shock,2021-2022,41,2021-02-22 06:50:00+00:00,2021-02-22 20:45:00+00:00,2.0,168,0.03782820712920243,-0.0026353602794528808,0.04403312316515762
baseline_no_shock,2021-2022,43,2021-02-23 00:05:00+00:00,2021-02-23 07:20:00+00:00,2.0,88,0.0038457792820814074,-0.005117768295275993,0.012272706494498076
baseline_no_shock,2021-2022,45,2021-02-24 03:50:00+00:00,2021-02-24 04:00:00+00:00,2.0,3,-0.0012609176104523279,-0.0012609176104523279,0.0
baseline_no_shock,2021-2022,47,2021-03-09 14:20:00+00:00,2021-03-09 23:15:00+00:00,2.0,96,-0.0036103780436420596,-0.008518858347455471,0.006121902063513929
baseline_no_shock,2021-2022,49,2021-03-10 16:05:00+00:00,2021-03-11 11:40:00+00:00,2.0,224,0.02838695635678934,-0.007329112180044284,0.04066404292237946
baseline_no_shock,2021-2022,51,2021-03-12 21:35:00+00:00,2021-03-15 04:10:00+00:00,2.0,80,0.005076354115274961,-5.82707570148111e-05,0.017661866451194497
baseline_no_shock,2021-2022,53,2021-03-15 13:35:00+00:00,2021-03-15 15:15:00+00:00,2.0,21,-0.010573546209937557,-0.017811183082325988,0.0016926185389118942
baseline_no_shock,2021-2022,55,2021-03-15 18:25:00+00:00,2021-03-16 07:50:00+00:00,2.0,150,-0.003836852158509707,-0.006338382011663479,0.012632774635524147
baseline_no_shock,2021-2022,57,2021-03-16 11:25:00+00:00,2021-03-16 13:15:00+00:00,2.0,23,-0.002728097643773575,-0.005063670294668032,0.0020184202875710433
baseline_no_shock,2021-2022,59,2021-03-17 03:35:00+00:00,2021-03-17 08:40:00+00:00,2.0,62,-0.0005556185952237946,-0.001596425259516976,0.0045789624018375275
baseline_no_shock,2021-2022,61,2021-03-18 00:05:00+00:00,2021-03-18 05:15:00+00:00,2.0,63,0.004082348079661013,-0.0016049336777560486,0.012432115907742292
baseline_no_shock,2021-2022,63,2021-03-19 09:35:00+00:00,2021-03-19 11:20:00+00:00,2.0,22,-0.011303546447512636,-0.013346426469957762,0.0
baseline_no_shock,2021-2022,65,2021-03-19 20:05:00+00:00,2021-03-21 23:25:00+00:00,2.0,29,-0.006605411691183449,-0.009071563900436286,0.006157469850448516
baseline_no_shock,2021-2022,67,2021-03-22 18:05:00+00:00,2021-03-22 22:45:00+00:00,2.0,45,-0.0030374882140684623,-0.004539324233467146,0.00014222685481724007
baseline_no_shock,2021-2022,69,2021-03-23 11:20:00+00:00,2021-03-23 13:40:00+00:00,2.0,29,-0.01618452975453588,-0.019140945056128067,0.0
baseline_no_shock,2021-2022,71,2021-03-25 01:50:00+00:00,2021-03-25 01:55:00+00:00,2.0,2,-0.0001773392824753195,-0.0001773392824753195,0.0
baseline_no_shock,2021-2022,73,2021-03-25 03:20:00+00:00,2021-03-25 07:20:00+00:00,2.0,49,-0.009083367813014553,-0.012383276137626464,0.001253437827049897
baseline_no_shock,2021-2022,75,2021-04-01 02:25:00+00:00,2021-04-01 11:00:00+00:00,2.0,104,0.006455049826481707,-0.0011452012998033334,0.018339580815424306
baseline_no_shock,2021-2022,77,2021-04-01 13:25:00+00:00,2021-04-05 00:50:00+00:00,2.0,126,0.010947702782121649,0.0,0.014862317411188819
baseline_no_shock,2021-2022,79,2021-04-05 16:35:00+00:00,2021-04-05 17:30:00+00:00,2.0,12,-0.0032809078720673623,-0.0035021830810962884,0.0
baseline_no_shock,2021-2022,81,2021-04-05 22:50:00+00:00,2021-04-06 07:40:00+00:00,2.0,107,0.004273569036325364,-0.001484130712615217,0.019620026166770277
baseline_no_shock,2021-2022,83,2021-04-06 12:10:00+00:00,2021-04-06 19:55:00+00:00,2.0,94,0.007751502499400376,-0.006483494325563277,0.01511176829959493
baseline_no_shock,2021-2022,85,2021-04-06 23:15:00+00:00,2021-04-07 00:25:00+00:00,2.0,15,-0.001632287298460211,-0.002294938319807094,0.00115939091740902
baseline_no_shock,2021-2022,87,2021-04-08 08:35:00+00:00,2021-04-08 19:30:00+00:00,2.0,132,0.021606655367377492,-0.0029299858775481136,0.02848674788486627
baseline_no_shock,2021-2022,89,2021-04-13 17:20:00+00:00,2021-04-14 03:35:00+00:00,2.0,112,-0.003974331104575679,-0.004669376009545423,0.0042531289205944844
baseline_no_shock,2021-2022,91,2021-04-15 07:05:00+00:00,2021-04-15 20:10:00+00:00,2.0,158,0.036129742089828554,-0.002900363744571921,0.0453153692849233
baseline_no_shock,2021-2022,93,2021-04-16 10:50:00+00:00,2021-04-16 19:55:00+00:00,2.0,110,-0.0005295908910371017,-0.005151217113351536,0.014632785458947195
baseline_no_shock,2021-2022,95,2021-04-19 00:45:00+00:00,2021-04-19 02:15:00+00:00,2.0,19,-0.009323634989608864,-0.012898167390893667,0.0026478367655393686
baseline_no_shock,2021-2022,97,2021-04-19 08:20:00+00:00,2021-04-19 12:30:00+00:00,2.0,51,-0.015803978410542485,-0.01856369080540854,0.007180592375031658
baseline_no_shock,2021-2022,99,2021-04-20 16:50:00+00:00,2021-04-20 22:40:00+00:00,2.0,59,0.0008021906497746034,-0.0013192010685529887,0.0026810821716771738
baseline_no_shock,2021-2022,101,2021-04-20 23:45:00+00:00,2021-04-20 23:45:00+00:00,2.0,1,0.0,0.0,0.0
baseline_no_shock,2021-2022,103,2021-04-21 01:40:00+00:00,2021-04-21 09:15:00+00:00,2.0,92,-0.006212946810379982,-0.0071060579143721325,0.011267761504387463
baseline_no_shock,2021-2022,105,2021-04-21 12:50:00+00:00,2021-04-22 04:20:00+00:00,2.0,175,0.012061750845701047,-0.005005768365890284,0.022392014235154134
baseline_no_shock,2021-2022,107,2021-04-23 03:50:00+00:00,2021-04-23 05:25:00+00:00,2.0,20,-0.004247756463252039,-0.004247756463252039,0.0007319716919376162
baseline_no_shock,2021-2022,109,2021-04-27 13:05:00+00:00,2021-04-27 15:35:00+00:00,2.0,31,-0.004473727179422959,-0.005986999657886072,0.007198006406867075
baseline_no_shock,2021-2022,111,2021-04-28 23:05:00+00:00,2021-04-29 05:05:00+00:00,2.0,73,0.004069857598872018,-0.0014248890371317824,0.011907234944793954
baseline_no_shock,2021-2022,113,2021-05-03 07:20:00+00:00,2021-05-03 19:15:00+00:00,2.0,144,0.023488145615423006,-0.009065003275336436,0.033494929546254326
baseline_no_shock,2021-2022,115,2021-05-03 23:25:00+00:00,2021-05-04 00:30:00+00:00,2.0,14,-0.0013839561769373177,-0.0018807366028383843,0.0006867538201278389
baseline_no_shock,2021-2022,117,2021-05-05 17:05:00+00:00,2021-05-06 00:55:00+00:00,2.0,83,-0.0009580029396515366,-0.0024991794662011513,0.006548097550765908
baseline_no_shock,2021-2022,119,2021-05-06 03:10:00+00:00,2021-05-06 11:25:00+00:00,2.0,100,0.005875766513085745,-0.002481429776204691,0.010964412828343928
baseline_no_shock,2021-2022,121,2021-05-06 13:25:00+00:00,2021-05-06 20:10:00+00:00,2.0,82,0.03934742065805952,-0.001198437101488925,0.04455645027481547
baseline_no_shock,2021-2022,123,2021-05-06 23:00:00+00:00,2021-05-07 00:20:00+00:00,2.0,17,-0.0004950978023311459,-0.0004950978023311459,0.0028566140233943216
baseline_no_shock,2021-2022,125,2021-05-07 03:00:00+00:00,2021-05-07 12:30:00+00:00,2.0,115,0.001175056020112475,-0.000412635951248852,0.008644404365014013
baseline_no_shock,2021-2022,127,2021-05-07 12:40:00+00:00,2021-05-07 18:10:00+00:00,2.0,67,-0.008156881999402676,-0.014926467081943118,0.012159820843540503
baseline_no_shock,2021-2022,129,2021-05-09 22:45:00+00:00,2021-05-10 02:00:00+00:00,2.0,40,-0.003435017801819762,-0.0037132684674434646,0.006053952181778621
baseline_no_shock,2021-2022,131,2021-05-10 05:25:00+00:00,2021-05-10 16:15:00+00:00,2.0,131,0.00893485277415329,-0.002460953377073527,0.01691271753467083
baseline_no_shock,2021-2022,133,2021-05-11 11:20:00+00:00,2021-05-11 13:15:00+00:00,2.0,24,-0.02822860289018292,-0.02822860289018292,0.0
baseline_no_shock,2021-2022,135,2021-05-11 23:35:00+00:00,2021-05-12 00:45:00+00:00,2.0,15,-0.0032172738357033603,-0.0032172738357033603,0.0
baseline_no_shock,2021-2022,137,2021-05-14 10:50:00+00:00,2021-05-17 09:20:00+00:00,2.0,259,0.030818503187600044,-0.00012451920479839007,0.038692511726321266
baseline_no_shock,2021-2022,139,2021-05-17 19:20:00+00:00,2021-05-17 20:55:00+00:00,2.0,20,0.0010372662272322142,-0.0009184682148826173,0.0010372662272322142
baseline_no_shock,2021-2022,141,2021-05-18 00:10:00+00:00,2021-05-18 04:50:00+00:00,2.0,57,-0.001393805975832496,-0.002341310673507402,0.007385223531412022
baseline_no_shock,2021-2022,143,2021-05-18 07:15:00+00:00,2021-05-18 09:45:00+00:00,2.0,31,-0.0037023741463130255,-0.0037023741463130255,0.00037493518407694104
baseline_no_shock,2021-2022,145,2021-05-19 00:35:00+00:00,2021-05-19 01:45:00+00:00,2.0,15,-0.0025932834492625734,-0.0037502046860649063,0.004372272335699368
baseline_no_shock,2021-2022,147,2021-05-19 05:45:00+00:00,2021-05-19 08:15:00+00:00,2.0,31,-0.0006113564359525592,-0.0034480146511660648,0.008781787638301397
baseline_no_shock,2021-2022,149,2021-05-19 18:05:00+00:00,2021-05-19 18:40:00+00:00,2.0,8,-0.011427867390312763,-0.011427867390312763,0.0
baseline_no_shock,2021-2022,151,2021-05-20 17:05:00+00:00,2021-05-20 19:25:00+00:00,2.0,29,-0.01362203675148832,-0.01724170752733789,0.0
baseline_no_shock,2021-2022,153,2021-05-21 11:20:00+00:00,2021-05-21 15:20:00+00:00,2.0,49,-0.007326118203023535,-0.014939337319724744,0.01631155127136208
baseline_no_shock,2021-2022,155,2021-05-21 19:25:00+00:00,2021-05-23 22:15:00+00:00,2.0,23,0.000923714143726162,-0.0019712059827118322,0.0026981690138236925
baseline_no_shock,2021-2022,157,2021-05-23 23:20:00+00:00,2021-05-24 06:50:00+00:00,2.0,91,0.002522390484136716,-0.00041532225315077387,0.010515036511440812
baseline_no_shock,2021-2022,159,2021-05-24 19:05:00+00:00,2021-05-24 19:45:00+00:00,2.0,9,-0.0006447043523993834,-0.002090684114208874,0.0
baseline_no_shock,2021-2022,161,2021-05-25 10:35:00+00:00,2021-05-25 12:30:00+00:00,2.0,24,0.000835545025006601,-0.002996723226401099,0.003688558191979885
baseline_no_shock,2021-2022,163,2021-05-25 14:10:00+00:00,2021-05-26 00:30:00+00:00,2.0,113,0.012726383671920471,-0.0056080807931983,0.014015597647368594
baseline_no_shock,2021-2022,165,2021-05-26 01:20:00+00:00,2021-05-26 07:05:00+00:00,2.0,70,0.0046497957638633736,-0.0036943582781382434,0.008210392793999599
baseline_no_shock,2021-2022,167,2021-05-26 08:40:00+00:00,2021-05-26 13:25:00+00:00,2.0,58,-0.007547860006030138,-0.010161904132398591,0.007014547920671355
baseline_no_shock,2021-2022,169,2021-05-28 00:20:00+00:00,2021-05-28 00:30:00+00:00,2.0,3,-0.0004611180015550165,-0.0004611180015550165,2.733901195006716e-05
baseline_no_shock,2021-2022,171,2021-05-28 16:50:00+00:00,2021-05-31 06:15:00+00:00,2.0,150,0.01509650819133812,-0.0011155909074324066,0.020153610391505872
baseline_no_shock,2021-2022,173,2021-06-01 01:05:00+00:00,2021-06-01 09:10:00+00:00,2.0,98,0.008089479177914471,-0.00029694417449510624,0.017013101536910824
baseline_no_shock,2021-2022,175,2021-06-02 16:20:00+00:00,2021-06-03 01:20:00+00:00,2.0,97,-3.214945926399704e-05,-3.214945926399704e-05,0.00621020388115423
baseline_no_shock,2021-2022,177,2021-06-07 16:20:00+00:00,2021-06-08 03:15:00+00:00,2.0,120,0.004636836116711951,0.0,0.015181985125414466
baseline_no_shock,2021-2022,179,2021-06-09 04:05:00+00:00,2021-06-09 05:55:00+00:00,2.0,23,-0.0032958127289561823,-0.0032958127289561823,0.0007172142970635065
baseline_no_shock,2021-2022,181,2021-06-10 19:05:00+00:00,2021-06-11 08:35:00+00:00,2.0,151,-0.002321405223962403,-0.0033442466061680554,0.011580343301144547
baseline_no_shock,2021-2022,183,2021-06-25 12:50:00+00:00,2021-06-25 15:55:00+00:00,2.0,38,-0.008825794522295927,-0.009084589306064372,0.008745478899747638
baseline_no_shock,2021-2022,185,2021-07-01 03:50:00+00:00,2021-07-01 09:30:00+00:00,2.0,69,-0.003588772115672989,-0.004426512594482457,0.004488667533232293
baseline_no_shock,2021-2022,187,2021-07-01 12:20:00+00:00,2021-07-01 15:45:00+00:00,2.0,42,-0.01191053770435524,-0.016717035511164435,0.008679703840229092
baseline_no_shock,2021-2022,189,2021-07-02 01:35:00+00:00,2021-07-02 06:35:00+00:00,2.0,61,-0.003921974032817799,-0.003921974032817799,0.0015643983195983147
baseline_no_shock,2021-2022,191,2021-07-02 08:55:00+00:00,2021-07-02 15:35:00+00:00,2.0,81,0.002366620740770653,-0.003806773672170305,0.021767407045924836
baseline_no_shock,2021-2022,193,2021-07-02 18:50:00+00:00,2021-07-04 22:45:00+00:00,2.0,36,-0.00833001505810449,-0.00833001505810449,0.001247671486175328
baseline_no_shock,2021-2022,195,2021-07-05 03:20:00+00:00,2021-07-05 05:15:00+00:00,2.0,24,-0.0027756880374034676,-0.004741838858709602,0.00032307642603623954
baseline_no_shock,2021-2022,197,2021-07-05 09:20:00+00:00,2021-07-05 12:40:00+00:00,2.0,41,-0.0005455194362103954,-0.004539831240326531,0.002311523034789431
baseline_no_shock,2021-2022,199,2021-07-05 14:45:00+00:00,2021-07-05 15:25:00+00:00,2.0,9,0.0008028089981275688,0.0,0.0016019141485128507
baseline_no_shock,2021-2022,201,2021-07-05 22:35:00+00:00,2021-07-06 15:15:00+00:00,1.0,201,0.009940679423024568,-0.000907185202575711,0.020233973369515823
baseline_no_shock,2021-2022,203,2021-07-07 08:05:00+00:00,2021-07-07 13:50:00+00:00,2.0,70,9.331746326535217e-05,-0.008276893040804034,0.00412884031094829
baseline_no_shock,2021-2022,205,2021-07-08 13:05:00+00:00,2021-07-08 14:30:00+00:00,2.0,18,-0.01766371571550407,-0.01766371571550407,0.0002647275223512935
baseline_no_shock,2021-2022,207,2021-07-09 09:20:00+00:00,2021-07-09 11:45:00+00:00,2.0,30,-0.011680035998645977,-0.011707927511816596,0.0
baseline_no_shock,2021-2022,209,2021-07-09 14:50:00+00:00,2021-07-11 22:05:00+00:00,1.0,76,0.0010385894733082601,0.0,0.004915676873667119
baseline_no_shock,2021-2022,211,2021-07-12 19:20:00+00:00,2021-07-13 06:00:00+00:00,2.0,117,0.0018155493868412531,-0.000685644621000181,0.012520058627311759
baseline_no_shock,2021-2022,213,2021-07-13 08:30:00+00:00,2021-07-13 09:10:00+00:00,2.0,9,0.0022837856367667886,-0.0004586290827931494,0.0040902226363401795
baseline_no_shock,2021-2022,215,2021-07-13 12:35:00+00:00,2021-07-13 13:00:00+00:00,2.0,6,-0.01844018144539783,-0.01844018144539783,0.006006390912199677
baseline_no_shock,2021-2022,217,2021-07-13 15:50:00+00:00,2021-07-13 17:15:00+00:00,2.0,18,-0.00948526818989237,-0.00948526818989237,0.0
baseline_no_shock,2021-2022,219,2021-07-14 07:05:00+00:00,2021-07-14 16:45:00+00:00,2.0,117,0.018770077995542422,-0.001650850784560176,0.03180511945050535
baseline_no_shock,2021-2022,221,2021-07-14 18:55:00+00:00,2021-07-15 01:05:00+00:00,2.0,63,0.0008762588614716904,-0.0009904720891424912,0.00510121211128256
baseline_no_shock,2021-2022,223,2021-07-15 06:00:00+00:00,2021-07-15 10:55:00+00:00,2.0,60,-0.007502131764765441,-0.009247681895424908,0.00861853708897331
baseline_no_shock,2021-2022,225,2021-07-15 23:20:00+00:00,2021-07-16 02:00:00+00:00,2.0,33,-0.010007737747350087,-0.010007737747350087,0.0005039190301017182
baseline_no_shock,2021-2022,227,2021-07-20 11:10:00+00:00,2021-07-20 15:15:00+00:00,2.0,50,-0.011752453705666022,-0.019342976885094565,0.014771520014171813
baseline_no_shock,2021-2022,229,2021-07-26 06:50:00+00:00,2021-07-26 12:20:00+00:00,2.0,67,-0.004413311978182732,-0.004413311978182732,0.006882642115647153
baseline_no_shock,2021-2022,231,2021-07-28 06:20:00+00:00,2021-07-28 08:10:00+00:00,2.0,23,-0.010387818689051254,-0.010387818689051254,0.0
baseline_no_shock,2021-2022,233,2021-07-28 22:35:00+00:00,2021-07-29 20:20:00+00:00,2.0,262,0.04036655421255819,-3.930244063243826e-05,0.0483626357592275
baseline_no_shock,2021-2022,235,2021-07-30 01:30:00+00:00,2021-07-30 01:55:00+00:00,2.0,6,-6.895708082943486e-05,-9.446175456084838e-05,0.0012941260374852437
baseline_no_shock,2021-2022,237,2021-08-04 11:40:00+00:00,2021-08-04 15:45:00+00:00,2.0,50,-0.01689410737512087,-0.0197729238785046,0.02617450268208188
baseline_no_shock,2021-2022,239,2021-08-11 20:20:00+00:00,2021-08-11 23:35:00+00:00,2.0,28,-0.002056746769430351,-0.0030480659891372053,0.0003589922999520656
baseline_no_shock,2021-2022,241,2021-08-12 05:20:00+00:00,2021-08-12 10:30:00+00:00,2.0,63,0.0007899027311848439,-0.0017146669042799045,0.011315838272232037
baseline_no_shock,2021-2022,243,2021-08-12 23:05:00+00:00,2021-08-16 03:40:00+00:00,2.0,332,0.04504297029941018,-0.0032789643857353834,0.05571354736348688
baseline_no_shock,2021-2022,245,2021-08-16 15:50:00+00:00,2021-08-17 01:00:00+00:00,2.0,99,0.003327520675108664,0.0,0.006136179956586885
baseline_no_shock,2021-2022,247,2021-08-17 01:10:00+00:00,2021-08-17 01:20:00+00:00,2.0,3,-0.0013915610064468842,-0.0013915610064468842,0.0
baseline_no_shock,2021-2022,249,2021-08-17 05:45:00+00:00,2021-08-17 12:45:00+00:00,2.0,85,-0.000868593378603677,-0.00430169265644198,0.00785035979669213
baseline_no_shock,2021-2022,251,2021-08-18 04:50:00+00:00,2021-08-18 09:10:00+00:00,2.0,53,-0.0027884574372699644,-0.004161589273978583,0.008028739456718448
baseline_no_shock,2021-2022,253,2021-08-19 13:35:00+00:00,2021-08-19 14:15:00+00:00,2.0,9,-0.011571875559104106,-0.014579827314133986,0.0
baseline_no_shock,2021-2022,255,2021-08-20 06:05:00+00:00,2021-08-20 09:15:00+00:00,2.0,39,-0.007769637139535268,-0.009837573113484877,0.002182304735098839
baseline_no_shock,2021-2022,257,2021-08-20 12:55:00+00:00,2021-08-20 14:15:00+00:00,2.0,17,-0.0039031621712276587,-0.00568679469226252,0.0034837598898480593
baseline_no_shock,2021-2022,259,2021-08-23 10:05:00+00:00,2021-08-24 00:55:00+00:00,2.0,167,0.026851182484767477,-0.00045647953363625593,0.03325509990912878
baseline_no_shock,2021-2022,261,2021-08-24 14:05:00+00:00,2021-08-24 17:15:00+00:00,2.0,39,-0.0037909934489535058,-0.007326434963181527,0.0
baseline_no_shock,2021-2022,263,2021-08-24 17:25:00+00:00,2021-08-24 18:00:00+00:00,2.0,8,-0.0008051422118166007,-0.0011150251249559817,0.0004998706515522144
baseline_no_shock,2021-2022,265,2021-08-27 01:35:00+00:00,2021-08-27 09:10:00+00:00,2.0,92,0.003783538694841271,-0.0017165969597648933,0.017547743719561693
baseline_no_shock,2021-2022,267,2021-08-27 19:20:00+00:00,2021-08-30 03:05:00+00:00,2.0,82,-0.0069883314310413835,-0.008490504744056993,0.007803007019204333
baseline_no_shock,2021-2022,269,2021-08-31 05:20:00+00:00,2021-08-31 09:10:00+00:00,2.0,47,3.707440322942013e-05,-0.003209716459598555,0.00538505706909187
baseline_no_shock,2021-2022,271,2021-09-01 04:30:00+00:00,2021-09-01 07:45:00+00:00,2.0,40,-0.0027148484937143946,-0.004200909933995356,0.004291002408812528
baseline_no_shock,2021-2022,273,2021-09-02 10:20:00+00:00,2021-09-02 11:15:00+00:00,2.0,12,-0.0026159359612918376,-0.002932793184960203,0.0
baseline_no_shock,2021-2022,275,2021-09-02 12:05:00+00:00,2021-09-02 12:40:00+00:00,2.0,8,-0.010873776606658003,-0.010873776606658003,0.0
baseline_no_shock,2021-2022,277,2021-09-03 08:20:00+00:00,2021-09-03 09:15:00+00:00,2.0,12,-0.0002282879956834183,-0.0008405148931971418,0.0011678534655206185
baseline_no_shock,2021-2022,279,2021-09-03 10:20:00+00:00,2021-09-03 20:30:00+00:00,2.0,123,0.028169253178578657,-0.00046305880045138803,0.03825940818067419
baseline_no_shock,2021-2022,281,2021-09-14 18:35:00+00:00,2021-09-14 20:35:00+00:00,2.0,25,0.002029552374517074,-0.0018900894627048581,0.002029552374517074
baseline_no_shock,2021-2022,283,2021-09-14 23:10:00+00:00,2021-09-14 23:45:00+00:00,2.0,8,3.57006037519092e-05,-0.0007817516821623238,3.57006037519092e-05
baseline_no_shock,2021-2022,285,2021-09-15 05:30:00+00:00,2021-09-15 06:40:00+00:00,2.0,15,-0.0024853004964644487,-0.003263960806820454,0.001273338625169762
baseline_no_shock,2021-2022,287,2021-09-21 14:05:00+00:00,2021-09-21 19:20:00+00:00,2.0,64,0.003470066097151836,-0.0021813939015377093,0.014325708689509442
baseline_no_shock,2021-2022,289,2021-09-22 07:20:00+00:00,2021-09-22 09:00:00+00:00,2.0,21,-0.00527841684048902,-0.007929505354038358,0.0023559138876005914
baseline_no_shock,2021-2022,291,2021-09-30 16:20:00+00:00,2021-09-30 20:05:00+00:00,2.0,46,-0.0028254212494304154,-0.004867229574214371,0.004175589997530427
baseline_no_shock,2021-2022,293,2021-10-01 03:35:00+00:00,2021-10-01 04:45:00+00:00,2.0,15,-0.0009156298662984508,-0.004400366067715211,0.0
baseline_no_shock,2021-2022,295,2021-10-01 14:50:00+00:00,2021-10-01 19:10:00+00:00,2.0,53,-0.00197220728941494,-0.005131245919113625,0.0067186097645950404
baseline_no_shock,2021-2022,297,2021-10-03 22:35:00+00:00,2021-10-04 03:05:00+00:00,2.0,55,-0.008899928324898498,-0.009196068188053852,0.0016102605059094
baseline_no_shock,2021-2022,299,2021-10-04 18:50:00+00:00,2021-10-05 01:30:00+00:00,2.0,69,-0.0030518435421543755,-0.0050425414857062645,0.005372924548068259
baseline_no_shock,2021-2022,301,2021-10-05 20:50:00+00:00,2021-10-05 22:30:00+00:00,2.0,9,0.0005185231373368016,0.0,0.0008438893736040232
baseline_no_shock,2021-2022,303,2021-10-06 16:35:00+00:00,2021-10-07 00:45:00+00:00,2.0,87,0.0013368413700847182,-0.003294292127963727,0.0040714600773323895
baseline_no_shock,2021-2022,305,2021-10-08 11:20:00+00:00,2021-10-08 15:55:00+00:00,2.0,56,-0.008790729231586747,-0.010420202850736415,0.0339595412938114
baseline_no_shock,2021-2022,307,2021-10-12 07:05:00+00:00,2021-10-12 09:00:00+00:00,2.0,24,-0.008906621015871918,-0.010601548259917326,0.0
baseline_no_shock,2021-2022,309,2021-10-12 11:10:00+00:00,2021-10-12 17:00:00+00:00,2.0,71,-0.003242731787567621,-0.015177125903103272,0.01150646763330454
baseline_no_shock,2021-2022,311,2021-10-13 05:50:00+00:00,2021-10-13 20:10:00+00:00,2.0,173,0.0567766187460057,-0.006162793634575614,0.063635180916499
baseline_no_shock,2021-2022,313,2021-10-13 23:20:00+00:00,2021-10-14 01:10:00+00:00,2.0,23,-0.0018556932497579837,-0.0024742576663441262,0.0
baseline_no_shock,2021-2022,315,2021-10-14 10:35:00+00:00,2021-10-14 14:05:00+00:00,2.0,43,0.0012975150415379666,-0.007654795851752216,0.0033243167800633966
baseline_no_shock,2021-2022,317,2021-10-14 19:20:00+00:00,2021-10-14 20:45:00+00:00,2.0,18,-0.005024110761762235,-0.005112665232023916,0.0
baseline_no_shock,2021-2022,319,2021-10-19 08:05:00+00:00,2021-10-19 11:30:00+00:00,2.0,42,-0.006918325525470226,-0.009651872366066572,0.0018390140705006885
baseline_no_shock,2021-2022,321,2021-10-19 14:00:00+00:00,2021-10-19 14:20:00+00:00,2.0,5,-0.009420696578032794,-0.009420696578032794,0.0005169783074621126
baseline_no_shock,2021-2022,323,2021-10-20 07:50:00+00:00,2021-10-20 20:55:00+00:00,2.0,158,0.011985710408612071,0.0,0.022021415956034796
baseline_no_shock,2021-2022,325,2021-10-21 10:05:00+00:00,2021-10-21 11:50:00+00:00,2.0,22,-0.01616234828449159,-0.01761923601717852,0.0
baseline_no_shock,2021-2022,327,2021-10-22 01:35:00+00:00,2021-10-22 16:50:00+00:00,2.0,184,0.02155277800758859,-0.002647416204054398,0.048553835032878245
baseline_no_shock,2021-2022,329,2021-10-25 08:05:00+00:00,2021-10-25 19:20:00+00:00,2.0,136,0.012066034312728569,-0.0018301088235249674,0.01768863597550041
baseline_no_shock,2021-2022,331,2021-10-25 23:20:00+00:00,2021-10-26 01:05:00+00:00,2.0,22,-0.004015007884381694,-0.004015007884381694,0.001586286597177633
baseline_no_shock,2021-2022,333,2021-10-27 19:35:00+00:00,2021-10-27 23:55:00+00:00,2.0,41,0.0008432646929663612,0.0,0.0044230941251510725
baseline_no_shock,2021-2022,335,2021-10-28 02:50:00+00:00,2021-10-28 10:00:00+00:00,2.0,87,-0.007700818963873091,-0.010444314272055832,0.002016325413016773
baseline_no_shock,2021-2022,337,2021-10-28 13:00:00+00:00,2021-10-28 16:25:00+00:00,2.0,42,0.005748708982120432,-0.008817038316135561,0.01487230893817082
baseline_no_shock,2021-2022,339,2021-11-01 20:05:00+00:00,2021-11-01 23:10:00+00:00,1.0,26,-0.0016891140641657199,-0.0017340373105528828,0.0
baseline_no_shock,2021-2022,341,2021-11-04 14:35:00+00:00,2021-11-04 18:20:00+00:00,2.0,46,-0.007899905728511403,-0.011433174114264366,0.0
baseline_no_shock,2021-2022,343,2021-11-05 01:35:00+00:00,2021-11-05 10:45:00+00:00,1.0,111,-0.00027217191829964626,-0.0021270235415101757,0.004078042575853091
baseline_no_shock,2021-2022,345,2021-11-05 14:30:00+00:00,2021-11-08 07:20:00+00:00,1.0,179,0.015583115470436448,-1.3614067506773075e-05,0.019828435521280108
baseline_no_shock,2021-2022,347,2021-11-08 17:05:00+00:00,2021-11-08 23:45:00+00:00,2.0,69,0.0024167300257933455,-0.0007013430943617616,0.005231036710173775
baseline_no_shock,2021-2022,349,2021-11-09 14:35:00+00:00,2021-11-09 15:45:00+00:00,2.0,15,-0.004596315110753313,-0.010879400386158533,0.00265929023846323
baseline_no_shock,2021-2022,351,2021-11-09 17:45:00+00:00,2021-11-10 01:20:00+00:00,2.0,80,-0.001246581952710324,-0.0028148624738620898,0.0059121048022448
baseline_no_shock,2021-2022,353,2021-11-10 17:05:00+00:00,2021-11-10 19:05:00+00:00,1.0,25,-0.007986163870540963,-0.011230682600262831,0.0006346028369428325
baseline_no_shock,2021-2022,355,2021-11-10 23:45:00+00:00,2021-11-11 02:00:00+00:00,2.0,28,-0.005798511631259107,-0.005798511631259107,0.006048975620303709
baseline_no_shock,2021-2022,357,2021-11-11 07:20:00+00:00,2021-11-11 14:10:00+00:00,2.0,83,0.016444073380091462,-0.0006436213947004221,0.02181604575332252
baseline_no_shock,2021-2022,359,2021-11-11 15:35:00+00:00,2021-11-11 16:40:00+00:00,2.0,14,-0.00035853956080666993,-0.0024846791563921666,0.0023430560298736136
baseline_no_shock,2021-2022,361,2021-11-11 16:50:00+00:00,2021-11-11 23:55:00+00:00,2.0,74,-0.00029918905433845566,-0.002337974346777738,0.0031764203194160068
baseline_no_shock,2021-2022,363,2021-11-12 18:20:00+00:00,2021-11-15 01:40:00+00:00,2.0,77,-0.01007409687994798,-0.01007409687994798,0.005190988086682058
baseline_no_shock,2021-2022,365,2021-11-15 18:20:00+00:00,2021-11-15 21:30:00+00:00,1.0,39,-0.0006539683287306586,-0.001222793966462743,0.003768016963322296
baseline_no_shock,2021-2022,367,2021-11-16 02:35:00+00:00,2021-11-16 07:00:00+00:00,2.0,54,-0.004851575674703179,-0.006546093140466169,0.0013447400637391915
baseline_no_shock,2021-2022,369,2021-11-16 09:25:00+00:00,2021-11-16 14:20:00+00:00,1.0,60,-0.010575167723454348,-0.010575167723454348,0.0034971057963366636
baseline_no_shock,2021-2022,371,2021-11-17 12:20:00+00:00,2021-11-17 20:40:00+00:00,2.0,101,0.0009433684148456578,-0.0064359099083166615,0.006835735974765056
baseline_no_shock,2021-2022,373,2021-11-17 22:00:00+00:00,2021-11-18 03:50:00+00:00,2.0,59,-0.0029047161191521065,-0.004528047975615013,0.00527628814048553
baseline_no_shock,2021-2022,375,2021-11-26 10:50:00+00:00,2021-11-26 14:15:00+00:00,2.0,42,-0.00247019446211727,-0.013276718947378474,0.010918093552044983
baseline_no_shock,2021-2022,377,2021-11-30 15:35:00+00:00,2021-11-30 15:45:00+00:00,1.0,3,-0.008900495854264667,-0.008900495854264667,0.0
baseline_no_shock,2021-2022,379,2021-12-03 21:05:00+00:00,2021-12-06 01:15:00+00:00,2.0,39,0.0016615698744459895,-0.003211681566783642,0.0035816478015113784
baseline_no_shock,2021-2022,381,2021-12-06 01:45:00+00:00,2021-12-06 05:10:00+00:00,2.0,42,-0.007925441039578152,-0.007925441039578152,0.003308497792465559
baseline_no_shock,2021-2022,383,2021-12-07 09:05:00+00:00,2021-12-07 09:15:00+00:00,2.0,3,-0.0029521686468751973,-0.0029521686468751973,0.0
baseline_no_shock,2021-2022,385,2021-12-07 13:20:00+00:00,2021-12-07 14:05:00+00:00,2.0,10,-0.014278165713084379,-0.016813160381735637,0.0
baseline_no_shock,2021-2022,387,2021-12-07 16:35:00+00:00,2021-12-08 08:35:00+00:00,2.0,181,0.003527919705581972,-0.0060222729266888875,0.01047264353546784
baseline_no_shock,2021-2022,389,2021-12-08 11:05:00+00:00,2021-12-08 12:35:00+00:00,2.0,19,-0.015560805111662357,-0.016535146499869535,0.0
baseline_no_shock,2021-2022,391,2021-12-10 19:05:00+00:00,2021-12-10 19:55:00+00:00,2.0,11,0.0010066068251814997,-0.0008323864131308811,0.0010066068251814997
baseline_no_shock,2021-2022,393,2021-12-13 00:30:00+00:00,2021-12-13 06:55:00+00:00,2.0,78,0.004657950791987275,-0.000658094024215794,0.009745598270374245
baseline_no_shock,2021-2022,395,2021-12-13 09:15:00+00:00,2021-12-13 11:15:00+00:00,2.0,25,0.002161561264822476,-0.00471201056077053,0.002161561264822476
baseline_no_shock,2021-2022,397,2021-12-13 11:25:00+00:00,2021-12-13 14:45:00+00:00,2.0,41,-0.003971839723791559,-0.009835673921880672,0.005924524448538193
baseline_no_shock,2021-2022,399,2021-12-13 16:40:00+00:00,2021-12-13 20:25:00+00:00,2.0,46,-0.001884225457722155,-0.0045221410985323285,0.0025992648621906422
baseline_no_shock,2021-2022,401,2021-12-14 02:30:00+00:00,2021-12-14 02:45:00+00:00,2.0,4,-0.002828094794873448,-0.002828094794873448,0.0
baseline_no_shock,2021-2022,403,2021-12-16 03:35:00+00:00,2021-12-16 13:00:00+00:00,2.0,114,0.0024002834139731366,-0.003232084014772374,0.0106600536739474
baseline_no_shock,2021-2022,405,2021-12-16 13:45:00+00:00,2021-12-16 13:45:00+00:00,1.0,1,0.0,0.0,0.0
baseline_no_shock,2021-2022,407,2021-12-16 14:20:00+00:00,2021-12-16 20:55:00+00:00,2.0,80,0.019502171029117443,-0.0005298717613998472,0.021271942712191905
baseline_no_shock,2021-2022,409,2021-12-16 21:35:00+00:00,2021-12-17 15:30:00+00:00,2.0,204,0.018021778396290156,-0.0017930383378546022,0.028454943669575794
baseline_no_shock,2021-2022,411,2021-12-21 11:35:00+00:00,2021-12-21 14:50:00+00:00,2.0,40,-0.004698676652010292,-0.005629712443209756,0.004969843139904118
baseline_no_shock,2021-2022,413,2021-12-22 17:05:00+00:00,2021-12-23 08:15:00+00:00,2.0,171,0.01716860539315901,-0.0008663485087159195,0.018929249136678816
baseline_no_shock,2021-2022,415,2021-12-23 08:25:00+00:00,2021-12-23 11:15:00+00:00,2.0,35,-0.0033282746733317436,-0.004049065033241428,0.0016934452039050196
baseline_no_shock,2021-2022,417,2021-12-23 17:15:00+00:00,2021-12-23 17:30:00+00:00,2.0,4,-0.0005969951854635225,-0.0005969951854635225,0.0013198185869398582
baseline_no_shock,2021-2022,419,2021-12-23 18:20:00+00:00,2021-12-26 23:30:00+00:00,2.0,51,-0.0024282209974993973,-0.005779423123019267,0.002492508240246938
baseline_no_shock,2021-2022,421,2021-12-27 02:00:00+00:00,2021-12-27 06:20:00+00:00,2.0,53,-0.0020822497871264556,-0.003586403700550189,0.0005191816445353492
baseline_no_shock,2021-2022,423,2021-12-27 21:50:00+00:00,2021-12-28 02:30:00+00:00,2.0,45,-0.0052081171738747045,-0.0052081171738747045,0.0012441562010900853
baseline_no_shock,2021-2022,425,2021-12-28 06:05:00+00:00,2021-12-28 14:55:00+00:00,2.0,107,-8.719107460219977e-05,-0.0038252765070140304,0.01181346304397013
baseline_no_shock,2021-2022,427,2021-12-30 17:05:00+00:00,2021-12-31 09:50:00+00:00,2.0,190,0.00890797836964663,-0.0013644018028999838,0.012387064025920491
baseline_no_shock,2021-2022,429,2021-12-31 10:40:00+00:00,2022-01-03 03:00:00+00:00,1.0,185,0.006154293957176371,-0.0007111526549545832,0.011207196552677212
baseline_no_shock,2021-2022,431,2022-01-04 20:50:00+00:00,2022-01-04 23:50:00+00:00,2.0,25,-0.0020941213522326363,-0.0020941213522326363,0.0014998436711937124
baseline_no_shock,2021-2022,433,2022-01-05 02:45:00+00:00,2022-01-05 07:45:00+00:00,2.0,61,-0.002693533736144227,-0.004218589497138492,0.0028069071860026273
baseline_no_shock,2021-2022,435,2022-01-05 09:25:00+00:00,2022-01-05 19:10:00+00:00,2.0,118,-0.0027347607726500023,-0.0027347607726500023,0.019903847609331837
baseline_no_shock,2021-2022,437,2022-01-11 00:20:00+00:00,2022-01-11 10:50:00+00:00,2.0,127,0.0027250352022072377,-0.002135838401729817,0.011094391628986733
baseline_no_shock,2021-2022,439,2022-01-11 20:05:00+00:00,2022-01-12 01:30:00+00:00,2.0,54,-0.004641474331233741,-0.004641474331233741,0.003352838784258516
baseline_no_shock,2021-2022,441,2022-01-12 06:45:00+00:00,2022-01-12 07:30:00+00:00,2.0,10,-0.004806813856547798,-0.004806813856547798,0.0
baseline_no_shock,2021-2022,443,2022-01-12 17:35:00+00:00,2022-01-13 00:00:00+00:00,2.0,66,-3.7005085894437073e-06,-0.000614284425716427,0.004886521591310977
baseline_no_shock,2021-2022,445,2022-01-14 02:50:00+00:00,2022-01-14 09:20:00+00:00,2.0,79,-0.00369338439619038,-0.004288614514095235,0.006904299659544755
baseline_no_shock,2021-2022,447,2022-01-17 08:35:00+00:00,2022-01-17 12:20:00+00:00,2.0,46,-0.005918814826909147,-0.005918814826909147,0.0
baseline_no_shock,2021-2022,449,2022-01-19 14:05:00+00:00,2022-01-19 23:35:00+00:00,2.0,103,0.029291805537236204,-0.0005825922371681669,0.036105804343155246
baseline_no_shock,2021-2022,451,2022-01-20 02:50:00+00:00,2022-01-20 04:20:00+00:00,2.0,19,-0.0012779361602911488,-0.0018308021587151169,0.0023655414030925304
baseline_no_shock,2021-2022,453,2022-01-20 16:20:00+00:00,2022-01-20 16:45:00+00:00,1.0,6,-0.002255877458777089,-0.002752043510225066,0.0
baseline_no_shock,2021-2022,455,2022-01-24 05:20:00+00:00,2022-01-24 12:15:00+00:00,2.0,84,0.005109362061079148,-0.0008830547516656129,0.010215998644529378
baseline_no_shock,2021-2022,457,2022-01-24 23:50:00+00:00,2022-01-25 02:50:00+00:00,2.0,37,-0.005279667126627419,-0.0059413226502967875,0.0010771136431830808
baseline_no_shock,2021-2022,459,2022-01-25 05:35:00+00:00,2022-01-25 08:45:00+00:00,2.0,39,-0.0020886625412397386,-0.003496279057698337,0.002423722617602042
baseline_no_shock,2021-2022,461,2022-01-25 18:35:00+00:00,2022-01-25 21:55:00+00:00,2.0,41,-0.007270297652876678,-0.008008630288136698,0.0034820131687547384
baseline_no_shock,2021-2022,463,2022-02-01 10:20:00+00:00,2022-02-01 14:20:00+00:00,2.0,49,-0.003959990692094073,-0.006477898542909033,0.0029566828973657255
baseline_no_shock,2021-2022,465,2022-02-02 14:35:00+00:00,2022-02-02 20:55:00+00:00,2.0,77,0.0022724142997221364,-0.0050017063832549225,0.011597879387028387
baseline_no_shock,2021-2022,467,2022-02-03 02:20:00+00:00,2022-02-03 03:05:00+00:00,2.0,10,-0.0032219410433289575,-0.0032219410433289575,0.0
baseline_no_shock,2021-2022,469,2022-02-03 23:20:00+00:00,2022-02-04 13:50:00+00:00,2.0,175,-0.011733308856431424,-0.014204252096790326,0.015479192721181256
baseline_no_shock,2021-2022,471,2022-02-07 01:05:00+00:00,2022-02-07 04:30:00+00:00,2.0,42,-0.007251332759902751,-0.009573027317207217,0.0
baseline_no_shock,2021-2022,473,2022-02-07 07:30:00+00:00,2022-02-08 00:50:00+00:00,2.0,197,0.019440176646893237,-0.001662757932975767,0.023053152358885054
baseline_no_shock,2021-2022,475,2022-02-08 02:50:00+00:00,2022-02-08 05:40:00+00:00,1.0,35,-0.0017928969019757046,-0.0028317631274391575,0.000875707998394093
baseline_no_shock,2021-2022,477,2022-02-08 18:20:00+00:00,2022-02-08 21:55:00+00:00,1.0,44,-0.0005035871932836944,-0.00075699633087567,0.0019137236511042044
baseline_no_shock,2021-2022,479,2022-02-09 03:05:00+00:00,2022-02-09 07:15:00+00:00,2.0,51,-0.0011943888664118774,-0.0024007862829105164,0.0013126268980434563
baseline_no_shock,2021-2022,481,2022-02-09 16:50:00+00:00,2022-02-09 21:45:00+00:00,2.0,60,-7.398789188139965e-05,-0.0018117785024479582,0.0052679379019622274
baseline_no_shock,2021-2022,483,2022-02-10 02:15:00+00:00,2022-02-10 08:35:00+00:00,2.0,77,-0.007206444192127792,-0.007206444192127792,0.0021321606757818135
baseline_no_shock,2021-2022,485,2022-02-11 14:35:00+00:00,2022-02-14 01:45:00+00:00,2.0,123,0.054712082778525684,0.0,0.06596320789103727
baseline_no_shock,2021-2022,487,2022-02-14 15:05:00+00:00,2022-02-15 02:05:00+00:00,1.0,121,0.005073547457576266,-0.004250762312202894,0.0066829222644599895
baseline_no_shock,2021-2022,489,2022-02-15 02:15:00+00:00,2022-02-15 08:25:00+00:00,2.0,75,-0.005625441820233501,-0.005625441820233501,0.01345328889884101
baseline_no_shock,2021-2022,491,2022-02-16 08:35:00+00:00,2022-02-16 12:20:00+00:00,2.0,46,-0.004146672207326785,-0.0049054249941989925,0.004137849500502444
baseline_no_shock,2021-2022,493,2022-02-16 14:55:00+00:00,2022-02-17 02:50:00+00:00,1.0,132,0.005278257762678207,-0.0016233291279860174,0.008499648470781329
baseline_no_shock,2021-2022,495,2022-02-17 04:20:00+00:00,2022-02-18 02:00:00+00:00,2.0,249,0.027862523714897502,-0.0037573393803567168,0.048942432445066464
baseline_no_shock,2021-2022,497,2022-02-18 17:50:00+00:00,2022-02-21 02:50:00+00:00,1.0,97,0.00033263915476156036,-0.002219025071120484,0.010004927351608517
baseline_no_shock,2021-2022,499,2022-02-21 18:05:00+00:00,2022-02-22 04:40:00+00:00,2.0,86,0.019746255679033098,0.0,0.02778896012209131
baseline_no_shock,2021-2022,501,2022-02-22 06:40:00+00:00,2022-02-22 08:55:00+00:00,1.0,28,-0.006807456575880888,-0.006807456575880888,0.0024488314252242294
baseline_no_shock,2021-2022,503,2022-02-23 17:50:00+00:00,2022-02-23 20:50:00+00:00,2.0,37,0.0007024756091955631,-0.006130696225705279,0.0016135651871820311
baseline_no_shock,2021-2022,505,2022-02-23 23:35:00+00:00,2022-02-24 14:45:00+00:00,2.0,183,0.04508631477223335,-0.0008251646288501835,0.10688604136201563
baseline_no_shock,2021-2022,507,2022-02-28 14:50:00+00:00,2022-02-28 16:45:00+00:00,1.0,24,-0.011912738275143164,-0.011912738275143164,0.0020825895513507664
baseline_no_shock,2021-2022,509,2022-03-01 08:50:00+00:00,2022-03-01 14:55:00+00:00,2.0,74,0.01946306255506025,-0.0014378192771138387,0.019546570172649602
baseline_no_shock,2021-2022,511,2022-03-01 16:05:00+00:00,2022-03-02 01:15:00+00:00,2.0,99,0.013000704881967806,-0.0009019239011865965,0.038287075877395216
baseline_no_shock,2021-2022,513,2022-03-03 03:35:00+00:00,2022-03-03 04:25:00+00:00,1.0,11,-0.0019676313609551244,-0.0022428189478288507,0.0
baseline_no_shock,2021-2022,515,2022-03-03 08:10:00+00:00,2022-03-03 13:30:00+00:00,1.0,65,6.027899530169911e-05,-0.0056605995188129254,0.0042978923650220935
baseline_no_shock,2021-2022,517,2022-03-03 18:35:00+00:00,2022-03-04 03:30:00+00:00,1.0,96,0.0038045754592221925,-0.0017011054773827805,0.011819708545000251
baseline_no_shock,2021-2022,519,2022-03-04 04:50:00+00:00,2022-03-04 05:45:00+00:00,2.0,12,-0.005006070330922374,-0.005006070330922374,0.00024433532580059314
baseline_no_shock,2021-2022,521,2022-03-04 09:45:00+00:00,2022-03-07 05:00:00+00:00,1.0,220,0.03666563467866202,-0.002445771311726519,0.04485725753951808
baseline_no_shock,2021-2022,523,2022-03-07 08:55:00+00:00,2022-03-07 12:55:00+00:00,2.0,49,-0.022819374665030034,-0.02320180925763793,0.008323393531802559
baseline_no_shock,2021-2022,525,2022-03-07 23:50:00+00:00,2022-03-08 01:30:00+00:00,2.0,21,-0.026703504557340274,-0.026703504557340274,0.0021734672792039778
baseline_no_shock,2021-2022,527,2022-03-08 11:05:00+00:00,2022-03-08 11:45:00+00:00,2.0,9,-0.001700632597949725,-0.002274281243029974,0.003232258229644014
baseline_no_shock,2021-2022,529,2022-03-08 13:40:00+00:00,2022-03-08 19:30:00+00:00,2.0,71,0.04082289682811635,0.0,0.09020935723400125
baseline_no_shock,2021-2022,531,2022-03-08 22:00:00+00:00,2022-03-09 01:25:00+00:00,2.0,30,-0.010998021723365392,-0.020561181108448734,0.00025636414273577657
baseline_no_shock,2021-2022,533,2022-03-09 03:45:00+00:00,2022-03-09 07:40:00+00:00,1.0,48,-0.012221454329410797,-0.012966174562580424,8.003081383467503e-05
baseline_no_shock,2021-2022,535,2022-03-17 13:35:00+00:00,2022-03-17 14:25:00+00:00,2.0,11,0.006341434638980514,0.0,0.006999891585781182
baseline_no_shock,2021-2022,537,2022-03-17 14:40:00+00:00,2022-03-17 18:15:00+00:00,2.0,44,-0.011112973596111964,-0.011112973596111964,0.002719930926405656
baseline_no_shock,2021-2022,539,2022-03-21 22:50:00+00:00,2022-03-22 00:55:00+00:00,1.0,26,-0.004640603478650918,-0.004640603478650918,0.0009197123546558217
baseline_no_shock,2021-2022,541,2022-03-22 04:10:00+00:00,2022-03-22 08:15:00+00:00,2.0,50,-0.015520320450623348,-0.015520320450623348,0.0029570167879005016
baseline_no_shock,2021-2022,543,2022-03-23 15:35:00+00:00,2022-03-23 16:30:00+00:00,1.0,12,0.0015442047467884024,-0.00411026771788392,0.0015442047467884024
baseline_no_shock,2021-2022,545,2022-03-23 16:55:00+00:00,2022-03-24 02:25:00+00:00,2.0,103,0.013540153579955527,0.0,0.022511268869170653
baseline_no_shock,2021-2022,547,2022-03-24 14:05:00+00:00,2022-03-24 20:25:00+00:00,1.0,77,0.007240286167331744,0.0,0.010652213185891046
baseline_no_shock,2021-2022,549,2022-03-25 01:40:00+00:00,2022-03-25 04:45:00+00:00,2.0,38,-0.0033264196141241653,-0.004956453162117014,0.0017267643274472277
baseline_no_shock,2021-2022,551,2022-03-27 23:50:00+00:00,2022-03-28 01:45:00+00:00,2.0,24,-0.0136367556941841,-0.0136367556941841,0.0012155615954745347
baseline_no_shock,2021-2022,553,2022-03-30 17:05:00+00:00,2022-03-30 18:55:00+00:00,1.0,23,-0.00044747370583486656,-0.0020888886176927413,0.0011654656065607227
baseline_no_shock,2021-2022,555,2022-03-30 22:40:00+00:00,2022-03-30 23:45:00+00:00,1.0,14,-0.00047620501236300683,-0.0006105192466192566,0.0
baseline_no_shock,2021-2022,557,2022-03-31 14:20:00+00:00,2022-03-31 20:05:00+00:00,1.0,70,-0.0014871718710901538,-0.00210360562887435,0.00820080685685931
baseline_no_shock,2021-2022,559,2022-04-04 16:05:00+00:00,2022-04-04 17:50:00+00:00,1.0,22,-0.003127132714697445,-0.0031515793548124726,0.00038707180181929424
baseline_no_shock,2021-2022,561,2022-04-04 20:30:00+00:00,2022-04-05 01:20:00+00:00,1.0,47,-0.000910795935128661,-0.0011457477802158111,0.0015061434799841233
baseline_no_shock,2021-2022,563,2022-04-07 12:20:00+00:00,2022-04-07 19:50:00+00:00,1.0,91,-0.00040613314214121843,-0.003766445222536774,0.004512454136198052
baseline_no_shock,2021-2022,565,2022-04-08 00:55:00+00:00,2022-04-08 02:45:00+00:00,2.0,23,-0.005737100516159277,-0.005737100516159277,0.0020976631411318003
baseline_no_shock,2021-2022,567,2022-04-08 12:35:00+00:00,2022-04-08 19:25:00+00:00,2.0,83,0.01463848910818899,-0.002048271534774715,0.023214291580569313
baseline_no_shock,2021-2022,569,2022-04-08 20:30:00+00:00,2022-04-11 01:50:00+00:00,1.0,53,-0.002417800439776241,-0.002417800439776241,0.002968732581416056
baseline_no_shock,2021-2022,571,2022-04-11 11:50:00+00:00,2022-04-11 14:55:00+00:00,1.0,38,-0.007561659315334479,-0.009496291415494906,0.007539803638889175
baseline_no_shock,2021-2022,573,2022-04-12 04:05:00+00:00,2022-04-12 07:55:00+00:00,2.0,47,-0.0071110835845696885,-0.0071110835845696885,0.0025409533138536222
baseline_no_shock,2021-2022,575,2022-04-12 12:10:00+00:00,2022-04-12 19:00:00+00:00,1.0,83,0.0053577013669208196,-0.0023611532949493474,0.016351757178912907
baseline_no_shock,2021-2022,577,2022-04-13 09:05:00+00:00,2022-04-13 19:35:00+00:00,2.0,127,0.00013209204858855017,-0.0008887674874173968,0.010004749606068009
baseline_no_shock,2021-2022,579,2022-04-14 00:10:00+00:00,2022-04-14 00:30:00+00:00,2.0,5,-0.004379680335455327,-0.004379680335455327,0.0
baseline_no_shock,2021-2022,581,2022-04-17 23:50:00+00:00,2022-04-18 05:05:00+00:00,1.0,64,0.0010059123932086855,-0.0010181796175160462,0.0031363203479313206
baseline_no_shock,2021-2022,583,2022-04-18 06:25:00+00:00,2022-04-18 12:25:00+00:00,2.0,73,0.009724561996329761,0.0,0.009959912740442611
baseline_no_shock,2021-2022,585,2022-04-18 12:55:00+00:00,2022-04-18 15:05:00+00:00,1.0,27,-0.007859541448520302,-0.007995497272588636,0.0019244223192522725
baseline_no_shock,2021-2022,587,2022-04-29 05:05:00+00:00,2022-04-29 13:05:00+00:00,2.0,97,0.009906534356586727,-0.0012480030930901442,0.020543109738216714
baseline_no_shock,2021-2022,589,2022-05-04 22:20:00+00:00,2022-05-05 06:55:00+00:00,2.0,104,0.024535739571805326,-0.0017710372334293067,0.03052006629663606
baseline_no_shock,2021-2022,591,2022-05-05 11:30:00+00:00,2022-05-05 14:00:00+00:00,2.0,31,-0.0011652464073217406,-0.0022372098593759215,0.020794984222927138
baseline_no_shock,2021-2022,593,2022-05-06 15:40:00+00:00,2022-05-06 19:10:00+00:00,2.0,43,-0.007952548732224618,-0.009194736844197915,0.002958348128387689
baseline_no_shock,2021-2022,595,2022-05-17 07:50:00+00:00,2022-05-17 14:25:00+00:00,2.0,80,-0.0013454781636264013,-0.0032727414057480697,0.018480090489216394
baseline_no_shock,2021-2022,597,2022-05-19 13:50:00+00:00,2022-05-19 18:40:00+00:00,2.0,59,0.0028056460821757057,0.0,0.015382956661986968
baseline_no_shock,2021-2022,599,2022-05-19 23:00:00+00:00,2022-05-20 01:50:00+00:00,2.0,35,-0.006204833781127794,-0.006204833781127794,0.0037772025462974312
baseline_no_shock,2021-2022,601,2022-05-20 05:10:00+00:00,2022-05-20 11:30:00+00:00,2.0,77,0.0018763693578840446,0.0,0.011105535128889121
baseline_no_shock,2021-2022,603,2022-05-22 23:20:00+00:00,2022-05-23 13:15:00+00:00,2.0,168,0.011546528606396711,-0.001960761522579735,0.028905600876010018
baseline_no_shock,2021-2022,605,2022-05-24 09:50:00+00:00,2022-05-24 19:25:00+00:00,2.0,116,0.014728190330850488,-0.00285770857165768,0.019953170401884712
baseline_no_shock,2021-2022,607,2022-05-24 22:45:00+00:00,2022-05-25 01:25:00+00:00,2.0,33,-0.004518786385318996,-0.005613302118787189,0.0027910151203436318
baseline_no_shock,2021-2022,609,2022-05-27 03:35:00+00:00,2022-05-27 13:00:00+00:00,2.0,114,0.0037739542133907733,-0.002090964009085705,0.0128916578003766
baseline_no_shock,2021-2022,611,2022-05-30 07:35:00+00:00,2022-05-30 08:50:00+00:00,2.0,16,-0.0030931723583509374,-0.007338580674654982,0.0
baseline_no_shock,2021-2022,613,2022-06-02 09:50:00+00:00,2022-06-03 04:10:00+00:00,2.0,209,0.02168418392475502,-0.004846960830376057,0.03022015529834632
baseline_no_shock,2021-2022,615,2022-06-07 20:05:00+00:00,2022-06-07 23:50:00+00:00,2.0,34,-0.003529956989173355,-0.003529956989173355,0.0
baseline_no_shock,2021-2022,617,2022-06-08 14:50:00+00:00,2022-06-08 18:40:00+00:00,2.0,47,-0.003288842706407169,-0.00426132937395951,0.005532453679579774
baseline_no_shock,2021-2022,619,2022-06-10 20:05:00+00:00,2022-06-13 01:35:00+00:00,2.0,55,-0.006732705669600492,-0.006732705669600492,0.00963735652956843
baseline_no_shock,2021-2022,621,2022-06-16 01:20:00+00:00,2022-06-16 01:40:00+00:00,2.0,5,-0.001361837521177356,-0.001361837521177356,0.0006499679078346698
baseline_no_shock,2021-2022,623,2022-06-16 17:35:00+00:00,2022-06-17 00:30:00+00:00,2.0,72,0.0012802751117235722,0.0,0.015774541225052507
baseline_no_shock,2021-2022,625,2022-06-20 07:05:00+00:00,2022-06-20 07:30:00+00:00,2.0,6,-0.003149739336594126,-0.0031962413937288714,0.0
baseline_no_shock,2021-2022,627,2022-06-21 04:35:00+00:00,2022-06-21 05:05:00+00:00,2.0,7,-0.0003387793740213807,-0.001248421463347471,0.0
baseline_no_shock,2021-2022,629,2022-06-22 15:35:00+00:00,2022-06-22 16:50:00+00:00,2.0,16,-0.0036600438971400306,-0.006506224997982923,0.0
baseline_no_shock,2021-2022,631,2022-06-27 03:20:00+00:00,2022-06-27 12:05:00+00:00,1.0,106,-0.0014450974433704022,-0.0014450974433704022,0.003358727156607344
baseline_no_shock,2021-2022,633,2022-07-05 06:05:00+00:00,2022-07-05 07:00:00+00:00,2.0,12,-0.0035120409195065205,-0.004185625930829939,0.0
baseline_no_shock,2021-2022,635,2022-07-21 19:20:00+00:00,2022-07-22 01:45:00+00:00,2.0,66,0.003471756583772523,0.0,0.007087448703302135
baseline_no_shock,2021-2022,637,2022-07-22 07:00:00+00:00,2022-07-22 08:00:00+00:00,2.0,13,-0.0037398576388085747,-0.0048267881243421185,0.001533797137461379
baseline_no_shock,2021-2022,639,2022-07-22 11:35:00+00:00,2022-07-22 18:00:00+00:00,2.0,78,-0.0009116734714422758,-0.006791534730315019,0.01702681964007402
baseline_no_shock,2021-2022,641,2022-07-25 09:35:00+00:00,2022-07-25 12:50:00+00:00,2.0,40,-0.00862564851053993,-0.009533238000953403,0.006016427290923998
baseline_no_shock,2021-2022,643,2022-07-26 05:05:00+00:00,2022-07-26 05:40:00+00:00,2.0,8,0.000717320949717104,-0.0010233778882630107,0.0015908584618169463
baseline_no_shock,2021-2022,645,2022-07-26 08:10:00+00:00,2022-07-26 09:55:00+00:00,2.0,22,-0.006220663779260227,-0.0077909748562902115,0.0011247253450201722
baseline_no_shock,2021-2022,647,2022-07-27 12:20:00+00:00,2022-07-27 12:45:00+00:00,2.0,6,-0.0062398991732416365,-0.006360236647654616,0.0
baseline_no_shock,2021-2022,649,2022-07-27 17:50:00+00:00,2022-07-27 18:15:00+00:00,2.0,6,0.004934203237769275,0.0,0.006337760069936582
baseline_no_shock,2021-2022,651,2022-07-27 18:35:00+00:00,2022-07-28 04:10:00+00:00,2.0,104,0.026261290927550585,0.0,0.032672062559406356
baseline_no_shock,2021-2022,653,2022-07-28 06:45:00+00:00,2022-07-28 11:40:00+00:00,2.0,60,-0.0020569740500919753,-0.004418713865088741,0.009508535974636745
baseline_no_shock,2021-2022,655,2022-07-28 13:50:00+00:00,2022-07-28 19:40:00+00:00,2.0,71,0.006349585882134301,-0.003901486870477311,0.008358542970857696
baseline_no_shock,2021-2022,657,2022-07-28 20:05:00+00:00,2022-07-29 01:45:00+00:00,2.0,57,-0.002581077514344776,-0.002581077514344776,0.002565528854619803
baseline_no_shock,2021-2022,659,2022-07-29 03:45:00+00:00,2022-07-29 09:45:00+00:00,2.0,73,-0.0012987129481677462,-0.0023509434389055173,0.011289832559630675
baseline_no_shock,2021-2022,661,2022-07-31 23:25:00+00:00,2022-08-01 00:00:00+00:00,2.0,8,-3.2857974924138666e-05,-0.0015505834833130505,0.0004928696238584163
baseline_no_shock,2021-2022,663,2022-08-01 02:40:00+00:00,2022-08-01 03:45:00+00:00,2.0,14,-0.0036030641328957946,-0.004179146825451174,0.0005172987443358146
baseline_no_shock,2021-2022,665,2022-08-01 10:20:00+00:00,2022-08-01 14:50:00+00:00,2.0,55,-0.004250507601128106,-0.010901764865855479,0.0017631735234304724
baseline_no_shock,2021-2022,667,2022-08-01 18:10:00+00:00,2022-08-01 19:10:00+00:00,2.0,13,0.0006715387542397533,-0.0030947800136448267,0.0006715387542397533
baseline_no_shock,2021-2022,669,2022-08-01 20:15:00+00:00,2022-08-02 04:45:00+00:00,2.0,91,0.00304413642188317,-0.0008693016781081697,0.013839282715476964
baseline_no_shock,2021-2022,671,2022-08-02 14:20:00+00:00,2022-08-02 16:35:00+00:00,2.0,28,-0.019375112461723853,-0.019375112461723853,0.0
baseline_no_shock,2021-2022,673,2022-08-04 01:50:00+00:00,2022-08-04 23:05:00+00:00,2.0,244,0.037859993225543453,-0.0014238384712976782,0.0427295849342495
baseline_no_shock,2021-2022,675,2022-08-05 01:05:00+00:00,2022-08-05 02:25:00+00:00,2.0,17,-0.005732067135389651,-0.005732067135389651,0.0
baseline_no_shock,2021-2022,677,2022-08-05 05:45:00+00:00,2022-08-05 06:15:00+00:00,2.0,7,-0.003896597346820796,-0.003896597346820796,0.0
baseline_no_shock,2021-2022,679,2022-08-08 11:35:00+00:00,2022-08-09 01:50:00+00:00,2.0,160,0.0038596139528006557,-0.0016115526326773155,0.012252792233345966
baseline_no_shock,2021-2022,681,2022-08-09 13:35:00+00:00,2022-08-09 18:50:00+00:00,2.0,64,-0.008444091485424798,-0.013335637491238117,0.0
baseline_no_shock,2021-2022,683,2022-08-10 15:35:00+00:00,2022-08-10 18:10:00+00:00,2.0,32,-0.006590296817914121,-0.006590296817914121,0.0027915162656344528
baseline_no_shock,2021-2022,685,2022-08-11 13:05:00+00:00,2022-08-11 15:55:00+00:00,2.0,35,-0.008499936317512002,-0.013887119930884095,0.003289407532041544
baseline_no_shock,2021-2022,687,2022-08-12 17:50:00+00:00,2022-08-15 00:05:00+00:00,2.0,64,-0.001023203893267044,-0.0014767235038127824,0.004551109074250936
baseline_no_shock,2021-2022,689,2022-08-24 20:50:00+00:00,2022-08-25 12:40:00+00:00,2.0,179,0.010288972388285744,-0.0023004123628461715,0.02138507907965992
baseline_no_shock,2021-2022,691,2022-09-05 10:20:00+00:00,2022-09-05 13:50:00+00:00,2.0,43,-0.0048796731263758275,-0.0053176328317239285,0.0015088773331477512
baseline_no_shock,2021-2022,693,2022-09-06 03:20:00+00:00,2022-09-06 05:35:00+00:00,2.0,28,-0.002633852269643411,-0.006365801316373099,0.000669128036109301
baseline_no_shock,2021-2022,695,2022-09-07 18:05:00+00:00,2022-09-08 01:00:00+00:00,2.0,72,-0.0004857151106841817,-0.0028051234242438827,0.004891958052883449
baseline_no_shock,2021-2022,697,2022-09-08 06:30:00+00:00,2022-09-08 08:30:00+00:00,2.0,25,-0.0037525649054085397,-0.004482823688392146,0.005142667485801722
baseline_no_shock,2021-2022,699,2022-09-08 10:20:00+00:00,2022-09-08 13:45:00+00:00,2.0,42,-0.007480996815237173,-0.013922767817978965,0.011063110540203258
baseline_no_shock,2021-2022,701,2022-09-09 04:20:00+00:00,2022-09-09 12:25:00+00:00,2.0,98,-0.00028872550881864356,-0.0018635192120431965,0.01340934039017938
baseline_no_shock,2021-2022,703,2022-09-12 11:20:00+00:00,2022-09-12 18:45:00+00:00,2.0,90,-0.0034111532700830116,-0.00482365899037096,0.011751663237496324
baseline_no_shock,2021-2022,705,2022-09-13 12:20:00+00:00,2022-09-13 13:05:00+00:00,2.0,10,-0.04499627853043098,-0.04499627853043098,0.002922607476241623
baseline_no_shock,2021-2022,707,2022-09-22 14:35:00+00:00,2022-09-22 15:45:00+00:00,2.0,15,-0.00726477448226881,-0.01034935390281444,0.0
baseline_no_shock,2021-2022,709,2022-09-28 16:35:00+00:00,2022-09-28 22:50:00+00:00,2.0,64,0.001783934854219682,-0.0013277959137909523,0.009640695379160125
baseline_no_shock,2021-2022,711,2022-09-29 16:35:00+00:00,2022-09-30 03:25:00+00:00,2.0,119,0.004068706736725991,-0.005059693655782849,0.007639807936090426
baseline_no_shock,2021-2022,713,2022-09-30 05:20:00+00:00,2022-09-30 11:10:00+00:00,2.0,71,0.0010857813564606467,-0.0004065367404419984,0.014421533148526011
baseline_no_shock,2021-2022,715,2022-09-30 14:45:00+00:00,2022-09-30 16:30:00+00:00,2.0,22,-0.008945465031764743,-0.008945465031764743,0.003990988957311314
baseline_no_shock,2021-2022,717,2022-10-03 14:35:00+00:00,2022-10-04 01:45:00+00:00,2.0,123,0.012305050794104933,-0.004061490438768689,0.02240400663526798
baseline_no_shock,2021-2022,719,2022-10-04 05:25:00+00:00,2022-10-04 12:05:00+00:00,2.0,81,0.012374076962501146,-0.00023802748966039733,0.022780236510483665
baseline_no_shock,2021-2022,721,2022-10-04 14:00:00+00:00,2022-10-05 00:50:00+00:00,2.0,119,0.01984677947944502,0.0,0.030641616630301405
baseline_no_shock,2021-2022,723,2022-10-05 23:35:00+00:00,2022-10-06 08:35:00+00:00,2.0,109,-0.00400425960841333,-0.00400425960841333,0.010627877502510152
baseline_no_shock,2021-2022,725,2022-10-21 17:35:00+00:00,2022-10-24 02:20:00+00:00,2.0,94,0.00246148128194279,0.0,0.022969206624644967
baseline_no_shock,2021-2022,727,2022-10-25 00:35:00+00:00,2022-10-25 02:55:00+00:00,2.0,29,-0.007507285633044702,-0.009314700675378762,0.0008548584659688885
baseline_no_shock,2021-2022,729,2022-10-25 18:20:00+00:00,2022-10-25 19:05:00+00:00,2.0,10,-0.004336837256308845,-0.0044188035624196376,0.0006795006776565415
baseline_no_shock,2021-2022,731,2022-10-26 06:50:00+00:00,2022-10-26 12:35:00+00:00,2.0,70,0.004224751857593745,0.0,0.017449954602447137
baseline_no_shock,2021-2022,733,2022-10-26 16:05:00+00:00,2022-10-26 18:10:00+00:00,2.0,26,3.373037827780756e-05,-0.003750653526078951,0.0023282187933331144
baseline_no_shock,2021-2022,735,2022-10-28 02:20:00+00:00,2022-10-28 06:10:00+00:00,2.0,47,-0.007989059463461623,-0.00868004071853834,0.00031176416151668107
baseline_no_shock,2021-2022,737,2022-11-01 12:35:00+00:00,2022-11-01 14:50:00+00:00,2.0,28,-0.010974937513059668,-0.01734721387378335,0.0022024647499712113
baseline_no_shock,2021-2022,739,2022-11-01 19:10:00+00:00,2022-11-01 19:30:00+00:00,2.0,5,-0.0019075926810623312,-0.0020336450608682277,0.0
baseline_no_shock,2021-2022,741,2022-11-02 05:05:00+00:00,2022-11-02 14:35:00+00:00,2.0,115,-0.0026021019762924036,-0.0026021019762924036,0.011847563982024134
baseline_no_shock,2021-2022,743,2022-11-04 07:35:00+00:00,2022-11-07 00:45:00+00:00,2.0,183,0.046099136501816185,-0.004114953433274393,0.05801906935821144
baseline_no_shock,2021-2022,745,2022-11-07 15:15:00+00:00,2022-11-07 18:30:00+00:00,2.0,40,-0.0025909694624788315,-0.005432157159651396,0.0008418632864066744
baseline_no_shock,2021-2022,747,2022-11-08 15:50:00+00:00,2022-11-08 21:20:00+00:00,2.0,67,-0.0022652832797416256,-0.0075806086897071134,0.004248215179258885
baseline_no_shock,2021-2022,749,2022-11-10 08:20:00+00:00,2022-11-10 08:20:00+00:00,2.0,1,0.0,0.0,0.0
baseline_no_shock,2021-2022,751,2022-11-10 16:35:00+00:00,2022-11-11 01:20:00+00:00,2.0,94,0.0010230523741920905,-0.005473330201926974,0.010571541199983603
baseline_no_shock,2021-2022,753,2022-11-11 05:10:00+00:00,2022-11-11 12:35:00+00:00,2.0,90,0.009315168754262526,0.0,0.02015581810591316
baseline_no_shock,2021-2022,755,2022-11-11 15:05:00+00:00,2022-11-14 00:30:00+00:00,2.0,102,0.005391946713745099,0.0,0.02029011244740131
baseline_no_shock,2021-2022,757,2022-11-14 17:20:00+00:00,2022-11-14 23:40:00+00:00,2.0,65,-0.0010705461982628561,-0.00143005798126139,0.005328763539113934
baseline_no_shock,2021-2022,759,2022-11-15 03:45:00+00:00,2022-11-15 12:40:00+00:00,2.0,108,0.007706666506611448,-0.0023856254263973087,0.01936670087850456
baseline_no_shock,2021-2022,761,2022-11-15 14:15:00+00:00,2022-11-15 15:00:00+00:00,2.0,10,-0.00630715611998689,-0.00949250826622694,0.0014377774026672618
baseline_no_shock,2021-2022,763,2022-11-16 00:35:00+00:00,2022-11-16 01:00:00+00:00,1.0,6,-0.00019201282645664453,-0.0002960197741208592,0.0014040937934653996
baseline_no_shock,2021-2022,765,2022-11-16 13:35:00+00:00,2022-11-16 14:10:00+00:00,2.0,8,0.0026045534447882712,0.0,0.004434866747826893
baseline_no_shock,2021-2022,767,2022-11-23 23:05:00+00:00,2022-11-24 06:30:00+00:00,2.0,90,0.005544426313655482,0.0,0.010577551065244606
baseline_no_shock,2021-2022,769,2022-11-24 08:55:00+00:00,2022-11-24 14:50:00+00:00,2.0,72,-6.355726012585716e-05,-0.0018201210368570253,0.0033367561566133297
baseline_no_shock,2021-2022,771,2022-11-28 11:50:00+00:00,2022-11-28 13:25:00+00:00,2.0,20,-0.00817366656131524,-0.009890295559941809,0.0009064182762550388
baseline_no_shock,2021-2022,773,2022-11-29 08:50:00+00:00,2022-11-29 13:30:00+00:00,2.0,57,-0.009853815048698422,-0.009853815048698422,0.0
baseline_no_shock,2021-2022,775,2022-11-30 06:35:00+00:00,2022-11-30 14:35:00+00:00,2.0,97,0.007009363762018106,-0.0014012251613414461,0.015735653328314392
baseline_no_shock,2021-2022,777,2022-12-01 01:20:00+00:00,2022-12-01 09:15:00+00:00,2.0,96,0.00044156448952858973,-0.007006317428565945,0.009868041388024773
baseline_no_shock,2021-2022,779,2022-12-01 12:20:00+00:00,2022-12-02 01:10:00+00:00,2.0,143,0.027721392371030884,-0.00032150063637070847,0.03452916834617259
baseline_no_shock,2021-2022,781,2022-12-05 00:35:00+00:00,2022-12-05 07:10:00+00:00,2.0,80,0.002523645469323821,0.0,0.016409178330955454
baseline_no_shock,2021-2022,783,2022-12-07 18:20:00+00:00,2022-12-08 00:30:00+00:00,2.0,63,-3.134809750349188e-05,-0.0003213179994117077,0.0067163298901367074
baseline_no_shock,2021-2022,785,2022-12-08 15:20:00+00:00,2022-12-08 17:45:00+00:00,2.0,30,-0.00556293580411249,-0.007129959974285116,0.003714630795394136
baseline_no_shock,2021-2022,787,2022-12-08 23:15:00+00:00,2022-12-08 23:35:00+00:00,2.0,5,-0.00044873303893566696,-0.0004968397443402273,0.0
baseline_no_shock,2021-2022,789,2022-12-08 23:50:00+00:00,2022-12-09 08:05:00+00:00,2.0,100,0.003905801535571962,-0.0017516928098929574,0.012253959161097061
baseline_no_shock,2021-2022,791,2022-12-09 11:55:00+00:00,2022-12-09 15:30:00+00:00,2.0,44,-0.013725277905184519,-0.013953625710388051,0.0030386006216571726
baseline_no_shock,2021-2022,793,2022-12-09 17:20:00+00:00,2022-12-09 20:15:00+00:00,2.0,36,-0.0059808884262511075,-0.007719898912540546,0.0
baseline_no_shock,2021-2022,795,2022-12-13 14:05:00+00:00,2022-12-13 19:10:00+00:00,2.0,62,-0.004635478622997291,-0.011613972232864977,0.015451060475062617
baseline_no_shock,2021-2022,797,2022-12-13 22:00:00+00:00,2022-12-13 23:15:00+00:00,2.0,4,-0.00045926981739208284,-0.00045926981739208284,0.0011433401243492458
baseline_no_shock,2021-2022,799,2022-12-13 23:50:00+00:00,2022-12-14 00:05:00+00:00,2.0,4,-0.000787852078957707,-0.000787852078957707,0.0
baseline_no_shock,2021-2022,801,2022-12-14 02:40:00+00:00,2022-12-14 02:45:00+00:00,2.0,2,0.00016123135611323391,0.0,0.00016123135611323391
baseline_no_shock,2021-2022,803,2022-12-14 02:55:00+00:00,2022-12-14 04:55:00+00:00,2.0,25,-0.0037344125756120228,-0.0037344125756120228,0.0019506320813689193
baseline_no_shock,2021-2022,805,2022-12-14 07:30:00+00:00,2022-12-14 07:30:00+00:00,2.0,1,0.0,0.0,0.0
baseline_no_shock,2021-2022,807,2022-12-16 21:50:00+00:00,2022-12-19 05:35:00+00:00,2.0,82,-0.0020165109916407964,-0.0020165109916407964,0.006008330226296321
baseline_no_shock,2021-2022,809,2022-12-19 08:40:00+00:00,2022-12-19 13:00:00+00:00,2.0,53,-0.003551571987057023,-0.003551571987057023,0.0036688256159549404
baseline_no_shock,2021-2022,811,2022-12-20 09:05:00+00:00,2022-12-20 14:20:00+00:00,2.0,64,0.0015692007361423066,-0.008138704336157154,0.008065529172295527
baseline_no_shock,2021-2022,813,2022-12-20 15:25:00+00:00,2022-12-21 02:05:00+00:00,2.0,117,-0.0009941006693152676,-0.004453992639925075,0.004189655920351809
baseline_no_shock,2021-2022,815,2022-12-22 04:05:00+00:00,2022-12-22 07:00:00+00:00,2.0,36,-0.007735485821048327,-0.007924552032765764,0.0010418927718689464
baseline_no_shock,2021-2022,817,2022-12-27 05:20:00+00:00,2022-12-27 14:20:00+00:00,2.0,109,-0.0031168015877460764,-0.004640462264262846,0.008255886712885907
baseline_no_shock,2021-2022,819,2022-12-27 15:40:00+00:00,2022-12-27 19:50:00+00:00,2.0,51,-0.028036499359512912,-0.028036499359512912,0.0
baseline_no_shock,2021-2022,821,2022-12-29 04:05:00+00:00,2022-12-29 07:55:00+00:00,2.0,47,-0.004165574430610053,-0.004165574430610053,0.003528536078292843
baseline_no_shock,2021-2022,823,2022-12-29 09:30:00+00:00,2022-12-29 11:25:00+00:00,2.0,24,-0.006308592209816721,-0.00846599580242513,0.0016420894428490485
baseline_no_shock,2021-2022,825,2022-12-29 14:25:00+00:00,2022-12-29 21:40:00+00:00,2.0,88,0.006377816114377488,0.0,0.015105130261560573
baseline_no_shock,2021-2022,827,2022-12-30 02:10:00+00:00,2022-12-30 05:15:00+00:00,2.0,38,-0.001053823085227612,-0.0026666452749586345,0.0029756991605300875
baseline_no_shock,2021-2022,829,2022-12-30 07:35:00+00:00,2022-12-30 09:30:00+00:00,2.0,24,-0.005032901420778613,-0.005810183493485832,0.0
baseline_no_shock,2021-2022,831,2022-12-30 19:50:00+00:00,2022-12-30 22:00:00+00:00,2.0,27,0.002446707182306662,-0.0011860510561487736,0.00392609180916903
baseline_no_shock,2023-2025,1,2023-01-04 01:50:00+00:00,2023-01-04 13:05:00+00:00,2.0,136,0.02262699999999951,0.0,0.04237299999999955
baseline_no_shock,2023-2025,3,2023-01-04 18:00:00+00:00,2023-01-04 18:00:00+00:00,2.0,1,0.0,0.0,0.0
baseline_no_shock,2023-2025,5,2023-01-06 16:05:00+00:00,2023-01-09 08:35:00+00:00,2.0,187,0.02473124154793971,-0.0049497608542506955,0.035012264635114976
baseline_no_shock,2023-2025,7,2023-01-10 09:35:00+00:00,2023-01-10 13:05:00+00:00,2.0,43,-0.009697161478612215,-0.01268332296008401,0.0
baseline_no_shock,2023-2025,9,2023-01-10 15:25:00+00:00,2023-01-10 17:15:00+00:00,2.0,23,-0.011623868806031168,-0.01486292916106724,0.0
baseline_no_shock,2023-2025,11,2023-01-10 23:20:00+00:00,2023-01-11 01:40:00+00:00,2.0,29,-0.007972929034117171,-0.008177363111915081,0.0018983164366943583
baseline_no_shock,2023-2025,13,2023-01-11 04:50:00+00:00,2023-01-11 12:30:00+00:00,2.0,93,0.0014684963478495128,-0.0011424901586268854,0.016780018268094832
baseline_no_shock,2023-2025,15,2023-01-12 03:50:00+00:00,2023-01-12 07:55:00+00:00,2.0,50,-0.002121357277624192,-0.004643523994799281,0.004350248795127909
baseline_no_shock,2023-2025,17,2023-01-12 11:00:00+00:00,2023-01-13 04:30:00+00:00,2.0,199,0.025481779872307486,-0.006270226932741929,0.03145379704136819
baseline_no_shock,2023-2025,19,2023-01-13 08:30:00+00:00,2023-01-13 12:45:00+00:00,2.0,52,-0.015656381665906882,-0.015656381665906882,0.00902456841715793
baseline_no_shock,2023-2025,21,2023-01-13 15:35:00+00:00,2023-01-16 00:30:00+00:00,2.0,96,0.010858261632399335,-0.0043281995270936235,0.018132928980733043
baseline_no_shock,2023-2025,23,2023-01-16 02:25:00+00:00,2023-01-16 06:20:00+00:00,2.0,48,-0.007483299535627874,-0.012550565095718724,0.008282588971144866
baseline_no_shock,2023-2025,25,2023-01-18 12:05:00+00:00,2023-01-18 16:40:00+00:00,2.0,56,-0.016092467183078774,-0.016108894970391363,0.01570303198973355
baseline_no_shock,2023-2025,27,2023-01-19 09:05:00+00:00,2023-01-19 11:05:00+00:00,2.0,25,-0.004290436849855528,-0.009402887100303348,0.0
baseline_no_shock,2023-2025,29,2023-01-19 14:30:00+00:00,2023-01-20 02:20:00+00:00,2.0,131,0.027512117005030978,-0.004479154589300149,0.0347035384330292
baseline_no_shock,2023-2025,31,2023-01-23 02:50:00+00:00,2023-01-23 05:25:00+00:00,1.0,32,-0.005299395333444479,-0.005588847968862387,0.0
baseline_no_shock,2023-2025,33,2023-01-23 23:20:00+00:00,2023-01-24 05:50:00+00:00,2.0,79,0.005394311893357928,-0.0018633486206082184,0.008604542772232548
baseline_no_shock,2023-2025,35,2023-01-24 06:45:00+00:00,2023-01-24 11:00:00+00:00,2.0,52,-0.0008223351232539144,-0.008001619604931842,0.004244714592833487
baseline_no_shock,2023-2025,37,2023-01-25 00:05:00+00:00,2023-01-25 03:20:00+00:00,2.0,40,-0.014031995661605401,-0.014777657266811461,0.0017140533002784064
baseline_no_shock,2023-2025,39,2023-01-25 20:05:00+00:00,2023-01-26 02:40:00+00:00,2.0,68,-0.0021576877433526764,-0.007130177224625056,0.004217298771098887
baseline_no_shock,2023-2025,41,2023-01-26 04:55:00+00:00,2023-01-26 07:30:00+00:00,2.0,32,-0.011487351117235978,-0.012639039275518904,0.00408504774092
baseline_no_shock,2023-2025,43,2023-02-01 15:50:00+00:00,2023-02-01 16:50:00+00:00,2.0,13,-0.013047539550043341,-0.013047539550043341,0.0007184593369906622
baseline_no_shock,2023-2025,45,2023-02-01 20:10:00+00:00,2023-02-02 04:00:00+00:00,2.0,83,0.015760163543166783,-0.005276885429149503,0.02337640104329286
baseline_no_shock,2023-2025,47,2023-02-02 06:35:00+00:00,2023-02-02 06:35:00+00:00,2.0,1,0.0,0.0,0.0
baseline_no_shock,2023-2025,49,2023-02-02 07:15:00+00:00,2023-02-02 11:35:00+00:00,2.0,53,-0.007947472068559391,-0.01362777211507038,0.0
baseline_no_shock,2023-2025,51,2023-02-09 12:05:00+00:00,2023-02-09 13:25:00+00:00,2.0,17,-0.0039018918746617226,-0.0039018918746617226,0.0026427672053805917
baseline_no_shock,2023-2025,53,2023-02-09 14:20:00+00:00,2023-02-09 15:40:00+00:00,2.0,17,-0.026163148709414497,-0.026163148709414497,0.0
baseline_no_shock,2023-2025,55,2023-02-20 03:50:00+00:00,2023-02-20 10:50:00+00:00,2.0,85,0.003410100077680056,-0.002176900744452981,0.009938741827607567
baseline_no_shock,2023-2025,57,2023-02-20 11:30:00+00:00,2023-02-20 11:35:00+00:00,2.0,2,0.0005180053095543702,0.0,0.0005180053095543702
baseline_no_shock,2023-2025,59,2023-02-20 14:15:00+00:00,2023-02-20 16:45:00+00:00,2.0,31,-0.00598884107665798,-0.006987152258358775,0.0003385844706693675
baseline_no_shock,2023-2025,61,2023-02-28 19:50:00+00:00,2023-02-28 21:45:00+00:00,2.0,24,-0.005332829866323219,-0.006905132577926243,0.0
baseline_no_shock,2023-2025,63,2023-03-01 03:15:00+00:00,2023-03-01 11:05:00+00:00,2.0,95,0.013350760900009195,-1.348561707059659e-05,0.016898515544766957
baseline_no_shock,2023-2025,65,2023-03-01 12:00:00+00:00,2023-03-01 18:30:00+00:00,2.0,79,0.00665344226423592,-0.002027628094356526,0.014424482867922972
baseline_no_shock,2023-2025,67,2023-03-02 20:55:00+00:00,2023-03-03 05:10:00+00:00,2.0,88,0.004840562632728362,-0.0017664950032407756,0.010152258437404749
baseline_no_shock,2023-2025,69,2023-03-03 06:40:00+00:00,2023-03-03 14:35:00+00:00,2.0,96,0.003509627940971649,0.0,0.012913851642044838
baseline_no_shock,2023-2025,71,2023-03-03 18:05:00+00:00,2023-03-06 01:35:00+00:00,2.0,79,0.01243775316573914,0.0,0.01858492785880972
baseline_no_shock,2023-2025,73,2023-03-06 04:10:00+00:00,2023-03-06 09:55:00+00:00,2.0,70,-0.008717821861184971,-0.008717821861184971,0.003623781100879242
baseline_no_shock,2023-2025,75,2023-03-09 19:05:00+00:00,2023-03-10 03:10:00+00:00,2.0,86,-0.008586245518361846,-0.010546805092226497,0.002312454881994608
baseline_no_shock,2023-2025,77,2023-03-10 12:05:00+00:00,2023-03-13 06:50:00+00:00,2.0,226,0.08580965975427302,-0.00021421450282876897,0.12110023005216308
baseline_no_shock,2023-2025,79,2023-03-13 09:50:00+00:00,2023-03-14 00:10:00+00:00,2.0,161,0.03863895858094368,-0.015719285908656455,0.045664478808887354
baseline_no_shock,2023-2025,81,2023-03-15 15:35:00+00:00,2023-03-15 19:00:00+00:00,1.0,42,-0.008665261618877707,-0.013652851163665769,0.009335975375352135
baseline_no_shock,2023-2025,83,2023-03-16 00:20:00+00:00,2023-03-16 01:45:00+00:00,2.0,18,-0.025701239518114205,-0.025701239518114205,0.0
baseline_no_shock,2023-2025,85,2023-03-16 12:05:00+00:00,2023-03-16 15:50:00+00:00,2.0,46,-0.019202926796672015,-0.02249761483147894,0.0074821901229891186
baseline_no_shock,2023-2025,87,2023-03-17 04:05:00+00:00,2023-03-20 00:40:00+00:00,2.0,236,0.0895666664466157,0.0,0.11548897026578664
baseline_no_shock,2023-2025,89,2023-03-20 05:15:00+00:00,2023-03-20 11:00:00+00:00,2.0,70,0.010489577191217458,-0.00010405466338303526,0.05760899725989366
baseline_no_shock,2023-2025,91,2023-03-21 04:35:00+00:00,2023-03-21 06:30:00+00:00,1.0,24,-0.003889079516059768,-0.003889079516059768,0.0013477008223972131
baseline_no_shock,2023-2025,93,2023-03-22 20:05:00+00:00,2023-03-23 09:35:00+00:00,2.0,151,0.005328920891362499,-0.01479709424132325,0.015180997397653995
baseline_no_shock,2023-2025,95,2023-03-23 12:30:00+00:00,2023-03-23 12:40:00+00:00,2.0,3,-0.01199566839790489,-0.01199566839790489,0.0
baseline_no_shock,2023-2025,97,2023-03-23 14:40:00+00:00,2023-03-23 22:50:00+00:00,2.0,87,0.016343338605707025,-0.004690504089331138,0.03810007486799716
baseline_no_shock,2023-2025,99,2023-03-28 19:35:00+00:00,2023-03-29 00:25:00+00:00,1.0,47,-0.0030639494751167895,-0.0030639494751167895,0.0
baseline_no_shock,2023-2025,101,2023-03-30 11:20:00+00:00,2023-03-30 15:00:00+00:00,1.0,45,0.00121068974416505,-0.0057604704197475876,0.0025032410724554754
baseline_no_shock,2023-2025,103,2023-03-30 15:25:00+00:00,2023-03-30 23:10:00+00:00,2.0,82,0.013065269162688464,-0.0004213493411688862,0.02020757044380561
baseline_no_shock,2023-2025,105,2023-03-31 02:35:00+00:00,2023-03-31 05:50:00+00:00,2.0,40,-0.0043536510798929395,-0.006175674877529458,0.0002464491144194003
baseline_no_shock,2023-2025,107,2023-04-03 14:20:00+00:00,2023-04-03 19:15:00+00:00,2.0,60,-0.00019643169023919604,-0.003467446358135118,0.010191388520105038
baseline_no_shock,2023-2025,109,2023-04-04 00:10:00+00:00,2023-04-04 00:40:00+00:00,2.0,7,-0.00018160108210385495,-0.000878164857121444,0.0009693916917932199
baseline_no_shock,2023-2025,111,2023-04-04 14:05:00+00:00,2023-04-05 02:00:00+00:00,2.0,132,0.028872729911491035,0.0,0.03560856193401185
baseline_no_shock,2023-2025,113,2023-04-05 03:20:00+00:00,2023-04-05 10:35:00+00:00,2.0,88,-0.0007881956500729315,-0.001028802743252899,0.008213828353388797
baseline_no_shock,2023-2025,115,2023-04-05 13:05:00+00:00,2023-04-05 15:00:00+00:00,2.0,24,-0.020410948731596323,-0.028849133634049062,0.001418809850854963
baseline_no_shock,2023-2025,117,2023-04-11 15:50:00+00:00,2023-04-11 21:00:00+00:00,2.0,63,-0.0013588842969100012,-0.004161055642092015,0.003015710306124797
baseline_no_shock,2023-2025,119,2023-04-12 01:10:00+00:00,2023-04-12 07:45:00+00:00,2.0,80,0.014074397109152592,0.0,0.02798383013606176
baseline_no_shock,2023-2025,121,2023-04-13 00:05:00+00:00,2023-04-13 19:00:00+00:00,2.0,228,0.032839682602509246,-0.0053663424501436685,0.046555520603963396
baseline_no_shock,2023-2025,123,2023-04-13 19:20:00+00:00,2023-04-13 20:45:00+00:00,2.0,18,0.003798872298172329,0.0,0.00434757136017172
baseline_no_shock,2023-2025,125,2023-04-13 23:00:00+00:00,2023-04-13 23:35:00+00:00,2.0,8,-0.0006520518501974548,-0.0006520518501974548,0.0
baseline_no_shock,2023-2025,127,2023-04-14 01:10:00+00:00,2023-04-14 05:55:00+00:00,1.0,58,-0.002029929375373829,-0.002106454490715115,0.0035402934939554598
baseline_no_shock,2023-2025,129,2023-04-20 14:05:00+00:00,2023-04-20 16:55:00+00:00,2.0,35,-0.0028515100316364173,-0.011811212314656871,0.007233491549179183
baseline_no_shock,2023-2025,131,2023-04-20 17:35:00+00:00,2023-04-20 20:05:00+00:00,2.0,31,-0.0067604224860687845,-0.008190760083658377,0.0
baseline_no_shock,2023-2025,133,2023-04-20 20:55:00+00:00,2023-04-20 22:10:00+00:00,2.0,4,-0.0014632394563374174,-0.0014632394563374174,2.1912071725083138e-05
baseline_no_shock,2023-2025,135,2023-04-25 01:20:00+00:00,2023-04-25 04:25:00+00:00,2.0,38,-0.012186711177058385,-0.012893870432980514,0.0
baseline_no_shock,2023-2025,137,2023-04-25 19:50:00+00:00,2023-04-26 02:50:00+00:00,2.0,73,-0.0017119926318470702,-0.004905517348946509,0.005010047668294382
baseline_no_shock,2023-2025,139,2023-04-26 13:50:00+00:00,2023-04-26 16:05:00+00:00,2.0,28,-0.024642834630487,-0.024642834630487,0.0
baseline_no_shock,2023-2025,141,2023-04-27 05:20:00+00:00,2023-04-27 09:30:00+00:00,2.0,51,-0.0036208902579061286,-0.0036208902579061286,0.005741938560497983
baseline_no_shock,2023-2025,143,2023-05-02 14:50:00+00:00,2023-05-03 06:05:00+00:00,2.0,172,0.009968719196915998,-0.003142893298645366,0.015445293299322982
baseline_no_shock,2023-2025,145,2023-05-03 10:35:00+00:00,2023-05-03 11:15:00+00:00,2.0,9,-0.0005514532303447783,-0.0005514532303447783,0.0006882673498980196
baseline_no_shock,2023-2025,147,2023-05-03 18:05:00+00:00,2023-05-03 18:45:00+00:00,2.0,9,-0.01341264595725955,-0.019656941428256913,0.0
baseline_no_shock,2023-2025,149,2023-05-03 19:05:00+00:00,2023-05-04 03:00:00+00:00,2.0,84,0.03513237056880558,-0.005511459632379867,0.0660041875204076
baseline_no_shock,2023-2025,151,2023-05-04 17:05:00+00:00,2023-05-04 19:30:00+00:00,2.0,30,-0.0022250415397256917,-0.008244243311210875,0.00021370919849617032
baseline_no_shock,2023-2025,153,2023-05-04 22:05:00+00:00,2023-05-05 03:15:00+00:00,2.0,63,-0.002673559828835659,-0.005517772412704125,0.005306723594887597
baseline_no_shock,2023-2025,155,2023-05-05 03:35:00+00:00,2023-05-05 04:05:00+00:00,2.0,7,0.00040436599744086976,0.0,0.0013946500728061473
baseline_no_shock,2023-2025,157,2023-05-05 05:45:00+00:00,2023-05-05 05:50:00+00:00,2.0,2,-0.0012618416207322847,-0.0012618416207322847,0.0
baseline_no_shock,2023-2025,159,2023-05-09 10:15:00+00:00,2023-05-09 14:25:00+00:00,1.0,51,-0.0014030690742015128,-0.004005169506191564,0.003247669158212396
baseline_no_shock,2023-2025,161,2023-05-09 17:30:00+00:00,2023-05-10 02:20:00+00:00,2.0,95,-0.005498394888783675,-0.005721671564971276,0.0036468523777311024
baseline_no_shock,2023-2025,163,2023-05-11 00:50:00+00:00,2023-05-11 04:20:00+00:00,1.0,43,-0.002496131349614683,-0.002674812301892815,0.0012756988918456447
baseline_no_shock,2023-2025,165,2023-05-23 23:50:00+00:00,2023-05-24 01:30:00+00:00,2.0,21,-0.0023052915898096327,-0.003282561931279515,0.0018995536049026818
baseline_no_shock,2023-2025,167,2023-05-24 04:50:00+00:00,2023-05-24 07:45:00+00:00,2.0,36,-0.00269852220204736,-0.01081830952742835,0.0029056511113971784
